make: Entering directory '/home/runner/work/Void-Kernal-/Void-Kernal-/kernel'
make[1]: Entering directory '/home/runner/work/Void-Kernal-/Void-Kernal-/out'
  GEN     ./Makefile
scripts/kconfig/conf  --silentoldconfig Kconfig
  CHK     include/config/kernel.release
  UPD     include/config/kernel.release
  GEN     ./Makefile
  CHK     include/generated/uapi/linux/version.h
  UPD     include/generated/uapi/linux/version.h
  WRAP    arch/arm64/include/generated/asm/bugs.h
  WRAP    arch/arm64/include/generated/asm/clkdev.h
  WRAP    arch/arm64/include/generated/asm/cputime.h
  WRAP    arch/arm64/include/generated/asm/delay.h
  WRAP    arch/arm64/include/generated/asm/div64.h
  WRAP    arch/arm64/include/generated/asm/dma.h
  CHK     include/generated/utsrelease.h
  WRAP    arch/arm64/include/generated/asm/dma-contiguous.h
  WRAP    arch/arm64/include/generated/asm/early_ioremap.h
  WRAP    arch/arm64/include/generated/asm/emergency-restart.h
  WRAP    arch/arm64/include/generated/asm/errno.h
  WRAP    arch/arm64/include/generated/asm/hw_irq.h
  UPD     include/generated/utsrelease.h
  WRAP    arch/arm64/include/generated/asm/ioctl.h
  WRAP    arch/arm64/include/generated/asm/ioctls.h
  WRAP    arch/arm64/include/generated/asm/ipcbuf.h
  WRAP    arch/arm64/include/generated/asm/irq_regs.h
  WRAP    arch/arm64/include/generated/asm/kdebug.h
  WRAP    arch/arm64/include/generated/asm/kmap_types.h
  WRAP    arch/arm64/include/generated/asm/kvm_para.h
  WRAP    arch/arm64/include/generated/asm/local.h
  WRAP    arch/arm64/include/generated/asm/local64.h
  WRAP    arch/arm64/include/generated/asm/mcs_spinlock.h
  WRAP    arch/arm64/include/generated/asm/mm-arch-hooks.h
  WRAP    arch/arm64/include/generated/asm/mman.h
  WRAP    arch/arm64/include/generated/asm/msgbuf.h
  WRAP    arch/arm64/include/generated/asm/msi.h
  WRAP    arch/arm64/include/generated/asm/mutex.h
  WRAP    arch/arm64/include/generated/asm/poll.h
  WRAP    arch/arm64/include/generated/asm/preempt.h
  WRAP    arch/arm64/include/generated/asm/resource.h
  WRAP    arch/arm64/include/generated/asm/rwsem.h
  WRAP    arch/arm64/include/generated/asm/segment.h
  WRAP    arch/arm64/include/generated/asm/sembuf.h
  WRAP    arch/arm64/include/generated/asm/serial.h
  WRAP    arch/arm64/include/generated/asm/set_memory.h
  WRAP    arch/arm64/include/generated/asm/shmbuf.h
  WRAP    arch/arm64/include/generated/asm/simd.h
  WRAP    arch/arm64/include/generated/asm/sizes.h
  WRAP    arch/arm64/include/generated/asm/socket.h
  WRAP    arch/arm64/include/generated/asm/sockios.h
  WRAP    arch/arm64/include/generated/asm/swab.h
  WRAP    arch/arm64/include/generated/asm/switch_to.h
  WRAP    arch/arm64/include/generated/asm/termbits.h
  WRAP    arch/arm64/include/generated/asm/termios.h
  WRAP    arch/arm64/include/generated/asm/trace_clock.h
  WRAP    arch/arm64/include/generated/asm/types.h
  WRAP    arch/arm64/include/generated/asm/unaligned.h
  WRAP    arch/arm64/include/generated/asm/user.h
  WRAP    arch/arm64/include/generated/asm/vga.h
  HOSTCC  scripts/basic/fixdep
  WRAP    arch/arm64/include/generated/uapi/asm/kvm_para.h
  Using /home/runner/work/Void-Kernal-/Void-Kernal-/kernel as source for kernel
  HOSTCC  scripts/basic/bin2c
  CHK     include/generated/timeconst.h
  CC      kernel/bounds.s
  LDS     scripts/module-lto.lds
  UPD     include/generated/timeconst.h
  HOSTCC  scripts/dtbtool_exynos/dtbtool.o
  CHK     include/generated/bounds.h
  HOSTCC  scripts/genksyms/genksyms.o
  UPD     include/generated/bounds.h
  HOSTCC  scripts/dtc/dtc.o
  CC      arch/arm64/kernel/asm-offsets.s
  HOSTCC  scripts/dtc/flattree.o
  HOSTCC  scripts/dtbtool_exynos/../dtc/libfdt/fdt.o
  HOSTCC  scripts/dtbtool_exynos/../dtc/libfdt/fdt_ro.o
  SHIPPED scripts/genksyms/parse.tab.c
  SHIPPED scripts/genksyms/lex.lex.c
  SHIPPED scripts/genksyms/keywords.hash.c
  SHIPPED scripts/genksyms/parse.tab.h
  HOSTCC  scripts/genksyms/parse.tab.o
  CHK     include/generated/asm-offsets.h
  UPD     include/generated/asm-offsets.h
  CALL    /home/runner/work/Void-Kernal-/Void-Kernal-/kernel/scripts/checksyscalls.sh
  HOSTCC  scripts/dtc/fstree.o
  HOSTLD  scripts/dtbtool_exynos/dtbtool
  HOSTCC  scripts/genksyms/lex.lex.o
  HOSTCC  scripts/dtc/data.o
  HOSTCC  scripts/dtc/livetree.o
  HOSTCC  scripts/dtc/treesource.o
  CC      scripts/mod/empty.o
  HOSTCC  scripts/mod/mk_elfconfig
  HOSTCC  scripts/dtc/srcpos.o
  HOSTCC  scripts/selinux/genheaders/genheaders
  CC      scripts/mod/devicetable-offsets.s
  MKELF   scripts/mod/elfconfig.h
  HOSTLD  scripts/genksyms/genksyms
  CHK     scripts/mod/devicetable-offsets.h
  UPD     scripts/mod/devicetable-offsets.h
  HOSTCC  scripts/mod/sumversion.o
  HOSTCC  scripts/dtc/checks.o
  HOSTCC  scripts/selinux/mdp/mdp
  LDS     arch/arm64/kernel/vdso/vdso.lds
  VDSOC   arch/arm64/kernel/vdso/vgettimeofday.o
  VDSOA   arch/arm64/kernel/vdso/note.o
  HOSTCC  scripts/kallsyms
  HOSTCC  scripts/mod/modpost.o
  HOSTCC  scripts/dtc/util.o
  VDSOA   arch/arm64/kernel/vdso/sigreturn.o
  LD      arch/arm64/kernel/vdso/vdso.so.dbg
  VDSOSYM include/generated/vdso-offsets.h
  HOSTCC  scripts/mod/file2alias.o
  SHIPPED scripts/dtc/dtc-lexer.lex.c
  SHIPPED scripts/dtc/dtc-parser.tab.h
  SHIPPED scripts/dtc/dtc-parser.tab.c
  HOSTCC  scripts/dtc/dtc-lexer.lex.o
  LDS     arch/arm64/kernel/vdso32/vdso.lds
  VDSOC32   arch/arm64/kernel/vdso32/vgettimeofday.o
  VDSOA32   arch/arm64/kernel/vdso32/sigreturn.o
  HOSTCC  arch/arm64/kernel/vdso32/../../../arm/vdso/vdsomunge
  HOSTCC  scripts/dtc/dtc-parser.tab.o
  VDSOL32   arch/arm64/kernel/vdso32/vdso.so.raw
  MUNGE   arch/arm64/kernel/vdso32/vdso.so.dbg
  HOSTCC  scripts/sortextable
  VDSOSYM include/generated/vdso32-offsets.h
  HOSTCC  scripts/asn1_compiler
  HOSTLD  scripts/mod/modpost
  HOSTLD  scripts/dtc/dtc
  HOSTCC  usr/gen_init_cpio
  CC      init/main.o
  CC      arch/arm64/mm/dma-mapping.o
  CC      arch/arm64/kernel/debug-monitors.o
  GEN     usr/initramfs_data.cpio.gz
  AS      usr/initramfs_data.o
  AR      usr/built-in.o
  CC      arch/arm64/net/bpf_jit_comp.o
  AS      arch/arm64/kernel/entry.o
  CC      arch/arm64/kernel/irq.o
  CC      arch/arm64/mm/extable.o
  CC      arch/arm64/kernel/fpsimd.o
  CHK     include/generated/compile.h
  UPD     include/generated/compile.h
  CC      init/do_mounts.o
  CC      arch/arm64/mm/fault.o
  AR      arch/arm64/net/built-in.o
  CC      arch/arm64/crypto/sha1-ce-glue.o
  AS      arch/arm64/kernel/entry-fpsimd.o
  CC      arch/arm64/kernel/process.o
  CC      arch/arm64/mm/init.o
  AS      arch/arm64/crypto/sha1-ce-core.o
  CC      arch/arm64/crypto/sha2-ce-glue.o
  AS      arch/arm64/crypto/sha2-ce-core.o
  AS      arch/arm64/mm/cache.o
  AS      arch/arm64/crypto/aes-ce-core.o
  CC      arch/arm64/kernel/ptrace.o
  CC      arch/arm64/mm/copypage.o
  CC      arch/arm64/crypto/aes-ce-glue.o
  CC      init/do_mounts_rd.o
  CC      arch/arm64/mm/flush.o
  CC      arch/arm64/crypto/aes-glue-ce.o
  CC      init/do_mounts_initrd.o
  CC      arch/arm64/kernel/setup.o
  AS      arch/arm64/crypto/aes-ce.o
  CC      arch/arm64/mm/ioremap.o
  CC      arch/arm64/crypto/crc32-arm64.o
  CC      init/do_mounts_dm.o
  CC      arch/arm64/kernel/signal.o
  CC      arch/arm64/mm/mmap.o
  AR      arch/arm64/crypto/sha1-ce.o
  AR      arch/arm64/crypto/sha2-ce.o
  AR      arch/arm64/crypto/aes-ce-cipher.o
  AR      arch/arm64/crypto/aes-ce-blk.o
  AR      arch/arm64/crypto/built-in.o
  CC      init/noinitramfs.o
  CC      kernel/fork.o
  CC      arch/arm64/kernel/sys.o
  CC      arch/arm64/mm/pgd.o
  CC      init/initramfs.o
  CC      arch/arm64/mm/mmu.o
  CC      arch/arm64/kernel/stacktrace.o
  CC      init/calibrate.o
  CC      init/init_task.o
  CC      arch/arm64/kernel/time.o
  CC      arch/arm64/mm/context.o
  CC      kernel/exec_domain.o
  CC      arch/arm64/kernel/traps.o
  CC      init/version.o
  AS      arch/arm64/mm/proc.o
  CC      arch/arm64/mm/pageattr.o
  CC      kernel/panic.o
  AR      init/mounts.o
  AR      init/built-in.o
  CC      kernel/cpu.o
In file included from /home/runner/work/Void-Kernal-/Void-Kernal-/kernel/kernel/panic.c:26:
/home/runner/work/Void-Kernal-/Void-Kernal-/kernel/include/linux/nmi.h:111:49: warning: omitting the parameter name in a function definition is a C2x extension [-Wc2x-extensions]
static inline void sl_softirq_entry(const char *, void *) { }
                                                ^
/home/runner/work/Void-Kernal-/Void-Kernal-/kernel/include/linux/nmi.h:111:57: warning: omitting the parameter name in a function definition is a C2x extension [-Wc2x-extensions]
static inline void sl_softirq_entry(const char *, void *) { }
                                                        ^
  CC      arch/arm64/kernel/io.o
2 warnings generated.
  AR      arch/arm64/mm/built-in.o
  AR      certs/built-in.o
  CC      kernel/exit.o
  CC      arch/arm64/kernel/vdso.o
  CC      mm/filemap.o
  AS      arch/arm64/kernel/hyp-stub.o
  CC      arch/arm64/kernel/psci.o
  CC      arch/arm64/kernel/cpu_ops.o
  CC      kernel/softirq.o
  CC      arch/arm64/kernel/insn.o
In file included from /home/runner/work/Void-Kernal-/Void-Kernal-/kernel/kernel/softirq.c:37:
/home/runner/work/Void-Kernal-/Void-Kernal-/kernel/include/linux/nmi.h:111:49: warning: omitting the parameter name in a function definition is a C2x extension [-Wc2x-extensions]
static inline void sl_softirq_entry(const char *, void *) { }
                                                ^
/home/runner/work/Void-Kernal-/Void-Kernal-/kernel/include/linux/nmi.h:111:57: warning: omitting the parameter name in a function definition is a C2x extension [-Wc2x-extensions]
static inline void sl_softirq_entry(const char *, void *) { }
                                                        ^
2 warnings generated.
  CC      mm/mempool.o
  CC      fs/open.o
  CC      arch/arm64/kernel/return_address.o
  CC      kernel/resource.o
  CC      arch/arm64/kernel/cpuinfo.o
  CC      mm/oom_kill.o
  CC      arch/arm64/kernel/cpu_errata.o
  CC      kernel/sysctl.o
  CC      fs/read_write.o
  CC      arch/arm64/kernel/cpufeature.o
In file included from /home/runner/work/Void-Kernal-/Void-Kernal-/kernel/kernel/sysctl.c:95:
/home/runner/work/Void-Kernal-/Void-Kernal-/kernel/include/linux/nmi.h:111:49: warning: omitting the parameter name in a function definition is a C2x extension [-Wc2x-extensions]
static inline void sl_softirq_entry(const char *, void *) { }
                                                ^
/home/runner/work/Void-Kernal-/Void-Kernal-/kernel/include/linux/nmi.h:111:57: warning: omitting the parameter name in a function definition is a C2x extension [-Wc2x-extensions]
static inline void sl_softirq_entry(const char *, void *) { }
                                                        ^
  CC      mm/maccess.o
  CC      mm/page_alloc.o
  CC      fs/file_table.o
2 warnings generated.
  CC      arch/arm64/kernel/alternative.o
  CC      kernel/sysctl_binary.o
  CC      arch/arm64/kernel/cacheinfo.o
  CC      fs/super.o
  CC      arch/arm64/kernel/smp.o
  CC      kernel/capability.o
  CC      fs/char_dev.o
  CC      arch/arm64/kernel/smp_spin_table.o
  CC      mm/page-writeback.o
  CC      kernel/ptrace.o
  CC      arch/arm64/kernel/topology.o
  CC      fs/stat.o
  AS      arch/arm64/kernel/smccc-call.o
  CC      arch/arm64/kernel/sys32.o
  CC      kernel/user.o
  CC      arch/arm64/kernel/signal32.o
  CC      mm/readahead.o
  CC      fs/exec.o
  CC      kernel/signal.o
  CC      arch/arm64/kernel/sys_compat.o
  AS      arch/arm64/kernel/entry32.o
  CC      mm/swap.o
  AS      arch/arm64/kernel/kuser32.o
  CC      arch/arm64/kernel/arm64ksyms.o
  CC      fs/pipe.o
  CC      arch/arm64/kernel/module.o
  CC      kernel/sys.o
  CC      mm/truncate.o
  CC      arch/arm64/kernel/module-plts.o
  CC      arch/arm64/kernel/perf_regs.o
  CC      fs/namei.o
  CC      arch/arm64/kernel/perf_callchain.o
  CC      mm/vmscan.o
  CC      kernel/kmod.o
  CC      arch/arm64/kernel/perf_event.o
  CC      arch/arm64/kernel/hw_breakpoint.o
  CC      kernel/workqueue.o
  AS      arch/arm64/kernel/sleep.o
  CC      arch/arm64/kernel/suspend.o
  CC      fs/fcntl.o
  CC      mm/shmem.o
In file included from /home/runner/work/Void-Kernal-/Void-Kernal-/kernel/kernel/workqueue.c:52:
/home/runner/work/Void-Kernal-/Void-Kernal-/kernel/include/linux/nmi.h:111:49: warning: omitting the parameter name in a function definition is a C2x extension [-Wc2x-extensions]
static inline void sl_softirq_entry(const char *, void *) { }
                                                ^
/home/runner/work/Void-Kernal-/Void-Kernal-/kernel/include/linux/nmi.h:111:57: warning: omitting the parameter name in a function definition is a C2x extension [-Wc2x-extensions]
static inline void sl_softirq_entry(const char *, void *) { }
                                                        ^
  CC      arch/arm64/kernel/cpuidle.o
  AS      arch/arm64/kernel/exynos-smc.o
  CC      arch/arm64/kernel/efi.o
  CC      fs/ioctl.o
2 warnings generated.
  AS      arch/arm64/kernel/efi-entry.o
  CC      arch/arm64/kernel/pci.o
  CC      kernel/pid.o
  CC      mm/util.o
  CC      arch/arm64/kernel/armv8_deprecated.o
  CC      fs/readdir.o
  CC      arch/arm64/kernel/kaslr.o
  CC      mm/mmzone.o
  CC      kernel/task_work.o
  CC      arch/arm64/kernel/probes/kprobes.o
  CC      mm/vmstat.o
  CC      fs/select.o
  CC      kernel/extable.o
  CC      arch/arm64/kernel/probes/decode-insn.o
  AS      arch/arm64/kernel/probes/kprobes_trampoline.o
  CC      arch/arm64/kernel/probes/simulate-insn.o
  CC      kernel/params.o
  CC      mm/backing-dev.o
  AR      arch/arm64/kernel/probes/built-in.o
  OBJCOPY arch/arm64/kernel/vdso/vdso.so
  AS      arch/arm64/kernel/vdso/vdso.o
  AR      arch/arm64/kernel/vdso/built-in.o
  CC      fs/dcache.o
  CC      kernel/kthread.o
  OBJCOPY arch/arm64/kernel/vdso32/vdso.so
  AS      arch/arm64/kernel/vdso32/vdso.o
  AR      arch/arm64/kernel/vdso32/built-in.o
  AS      arch/arm64/kernel/head.o
  LDS     arch/arm64/kernel/vmlinux.lds
  OBJCOPY arch/arm64/kernel/efi-entry.stub.o
  AR      arch/arm64/kernel/built-in.o
  AR      ipc/built-in.o
  CC      mm/mm_init.o
  CC      security/integrity/iint.o
  CC      kernel/sys_ni.o
  CC      security/integrity/integrity_audit.o
  CC      kernel/nsproxy.o
  CC      mm/mmu_context.o
  CC      security/integrity/digsig.o
  CC      fs/inode.o
  CC      mm/percpu.o
  CC      kernel/notifier.o
  CC      security/integrity/digsig_asymmetric.o
  AR      security/integrity/integrity.o
  AR      security/integrity/built-in.o
  CC      security/keys/gc.o
  CC      kernel/ksysfs.o
  CC      security/keys/key.o
  CC      mm/slab_common.o
  CC      fs/attr.o
  CC      kernel/cred.o
  CC      security/keys/keyring.o
  CC      fs/bad_inode.o
  CC      mm/compaction.o
  CC      kernel/reboot.o
  CC      fs/file.o
  CC      security/keys/keyctl.o
  CC      security/keys/permission.o
  CC      kernel/async.o
  CC      mm/vmacache.o
  CC      fs/filesystems.o
  CC      mm/interval_tree.o
  CC      kernel/range.o
  CC      security/keys/process_keys.o
  CC      kernel/smpboot.o
  CC      mm/list_lru.o
  CC      fs/namespace.o
  CC      security/keys/request_key.o
  CC      kernel/ucount.o
  CC      kernel/groups.o
  CC      security/keys/request_key_auth.o
  CC      mm/workingset.o
  CC      security/keys/user_defined.o
  CC      mm/debug.o
  CC      fs/seq_file.o
  CC      security/keys/compat.o
  CC      kernel/bpf/core.o
  CC      security/keys/proc.o
  CC      mm/gup.o
  CC      fs/xattr.o
  CC      security/keys/sysctl.o
  AR      security/keys/built-in.o
  CC      security/mstdrv/mstdrv.o
  CC      kernel/bpf/syscall.o
  CC      mm/highmem.o
  CC      fs/libfs.o
  AR      security/mstdrv/built-in.o
  CC      security/sdp/dek_aes.o
mm/.tmp_highmem.o: no symbols
  CC      mm/memory.o
  CC      security/sdp/sdp_mm.o
  CC      fs/fs-writeback.o
  CC      security/sdp/pub_crypto_emul.o
  CC      kernel/bpf/verifier.o
  CC      security/sdp/dek_sysfs.o
  CC      mm/mincore.o
  CC      fs/pnode.o
  CC      security/sdp/cache_cleanup.o
  CC      mm/mlock.o
  CC      security/sdp/kek_pack.o
  CC      fs/splice.o
  CC      security/sdp/fs_handler.o
  CC      mm/mmap.o
  CC      security/sdp/dek.o
  CC      fs/sync.o
  CC      kernel/bpf/inode.o
  AR      security/sdp/built-in.o
  GEN     security/selinux/flask.h security/selinux/av_permissions.h
  CC      security/selinux/avc.o
  CC      fs/utimes.o
  CC      mm/mprotect.o
  CC      kernel/bpf/helpers.o
  CC      fs/stack.o
  CC      mm/mremap.o
  CC      security/selinux/hooks.o
  CC      fs/fs_struct.o
  CC      kernel/bpf/tnum.o
  CC      kernel/bpf/hashtab.o
  CC      mm/msync.o
  CC      fs/statfs.o
  CC      mm/rmap.o
  CC      kernel/bpf/arraymap.o
  CC      fs/fs_pin.o
  CC      security/selinux/selinuxfs.o
  CC      fs/nsfs.o
  CC      mm/vmalloc.o
  CC      fs/buffer.o
  CC      kernel/bpf/percpu_freelist.o
  CC      kernel/bpf/bpf_lru_list.o
  CC      security/selinux/netlink.o
  CC      kernel/bpf/lpm_trie.o
  CC      security/selinux/nlmsgtab.o
  CC      kernel/bpf/map_in_map.o
  CC      mm/pagewalk.o
  CC      security/selinux/netif.o
  CC      kernel/bpf/local_storage.o
  CC      fs/block_dev.o
  CC      mm/pgtable-generic.o
  CC      security/selinux/netnode.o
  CC      kernel/bpf/queue_stack_maps.o
  CC      mm/mm_event.o
  CC      kernel/bpf/ringbuf.o
  CC      mm/process_vm_access.o
  CC      fs/direct-io.o
  CC      security/selinux/netport.o
  CC      mm/showmem_extra.o
  CC      kernel/bpf/disasm.o
  CC      kernel/bpf/btf.o
  CC      mm/sec_mm/sec_mm_init.o
  CC      security/selinux/exports.o
  CC      mm/sec_mm/lowfile_detect.o
  CC      security/selinux/ss/ebitmap.o
  CC      mm/sec_mm/panic_handler.o
  CC      fs/mpage.o
  CC      mm/sec_mm/show_mem.o
  CC      kernel/bpf/devmap.o
  CC      security/selinux/ss/hashtab.o
  AR      mm/sec_mm/sec_mm.o
  AR      mm/sec_mm/built-in.o
  CC      mm/init-mm.o
  CC      security/selinux/ss/symtab.o
  CC      mm/nobootmem.o
  CC      security/selinux/ss/sidtab.o
  CC      fs/proc_namespace.o
  CC      kernel/bpf/cpumap.o
  CC      fs/dlog_hook.o
  CC      security/selinux/ss/avtab.o
  CC      kernel/bpf/offload.o
  CC      mm/fadvise.o
  CC      fs/cifs/cifsfs.o
  CC      security/selinux/ss/policydb.o
  CC      mm/madvise.o
  CC      fs/cifs/cifssmb.o
  CC      mm/memblock.o
  CC      kernel/bpf/stackmap.o
  CC      security/selinux/ss/services.o
  CC      mm/page_io.o
  CC      kernel/bpf/cgroup.o
  CC      mm/swap_state.o
  CC      fs/cifs/cifs_debug.o
  CC      security/selinux/ss/conditional.o
  CC      mm/swapfile.o
  CC      fs/cifs/connect.o
  CC      security/selinux/ss/mls.o
  CC      kernel/bpf/reuseport_array.o
  CC      security/selinux/ss/status.o
  CC      mm/dmapool.o
  AR      kernel/bpf/built-in.o
  CC      kernel/cgroup/cgroup.o
  CC      fs/cifs/dir.o
  AR      security/selinux/selinux.o
  AR      security/selinux/built-in.o
  CC      security/commoncap.o
  CC      mm/sparse.o
  CC      security/min_addr.o
  CC      fs/cifs/file.o
  CC      mm/sparse-vmemmap.o
  CC      security/security.o
  CC      mm/slub.o
  CC      kernel/cgroup/namespace.o
  CC      fs/cifs/inode.o
  CC      security/lsm_audit.o
  CC      kernel/cgroup/cgroup-v1.o
  CC      security/device_cgroup.o
  CC      mm/migrate.o
  CC      fs/cifs/link.o
  CC      kernel/cgroup/freezer.o
  AR      security/built-in.o
  CC      fs/configfs/inode.o
  CC      kernel/cgroup/legacy_freezer.o
  CC      fs/cifs/misc.o
  CC      kernel/cgroup/pids.o
  CC      fs/configfs/file.o
  CC      mm/page_counter.o
  CC      fs/configfs/dir.o
  CC      kernel/cgroup/cpuset.o
  CC      mm/memcontrol.o
  CC      fs/cifs/netmisc.o
  CC      fs/configfs/symlink.o
  CC      fs/cifs/smbencrypt.o
  CC      fs/configfs/mount.o
  CC      kernel/cgroup/debug.o
  CC      fs/configfs/item.o
  AR      kernel/cgroup/built-in.o
  CC      kernel/events/core.o
  CC      fs/cifs/transport.o
  AR      fs/configfs/configfs.o
  AR      fs/configfs/built-in.o
  CC      fs/crypto/crypto.o
  CC      mm/vmpressure.o
  CC      fs/cifs/asn1.o
  CC      fs/crypto/fname.o
  CC      mm/swap_cgroup.o
  CC      mm/cleancache.o
  CC      fs/cifs/cifs_unicode.o
  CC      fs/crypto/hooks.o
  CC      mm/page_isolation.o
  CC      fs/cifs/nterr.o
  CC      fs/crypto/keyinfo.o
  CC      mm/zsmalloc.o
  CC      fs/cifs/cifsencrypt.o
  CC      kernel/events/ring_buffer.o
  CC      fs/crypto/policy.o
  CC      kernel/events/callchain.o
  CC      fs/cifs/readdir.o
  CC      mm/early_ioremap.o
  CC      fs/crypto/bio.o
  CC      mm/cma.o
  CC      kernel/events/hw_breakpoint.o
  CC      mm/hpa.o
  CC      fs/cifs/ioctl.o
  CC      fs/crypto/sdp/sdp_cache.o
  AR      kernel/events/built-in.o
  CC      mm/frame_vector.o
  CC      kernel/irq/irqdesc.o
  CC      fs/cifs/sess.o
  CC      fs/crypto/sdp/sdp_dek.o
  CC      mm/usercopy.o
  CC      kernel/irq/handle.o
  CC      fs/crypto/sdp/sdp_ioctl.o
  CC      fs/cifs/export.o
  AR      mm/built-in.o
  CC      fs/crypto/sdp/sdp_name.o
  CC      kernel/irq/manage.o
  CC      crypto/api.o
fs/cifs/.tmp_export.o: no symbols
  CC      fs/cifs/smb1ops.o
  CC      fs/crypto/sdp/sdp_xattr.o
  CC      kernel/irq/spurious.o
  CC      fs/crypto/sdp/sdp_crypto.o
  CC      crypto/cipher.o
  CC      fs/cifs/winucase.o
  CC      kernel/irq/resend.o
  CC      fs/cifs/xattr.o
  AR      fs/crypto/fscrypto.o
  AR      fs/crypto/built-in.o
  CC      fs/debugfs/inode.o
  CC      kernel/irq/chip.o
  CC      crypto/compress.o
  CC      fs/cifs/cifsacl.o
  CC      fs/debugfs/file.o
  CC      kernel/irq/dummychip.o
  CC      crypto/memneq.o
  CC      kernel/irq/devres.o
  AR      fs/cifs/cifs.o
  AR      fs/debugfs/debugfs.o
  AR      fs/debugfs/built-in.o
  AR      fs/cifs/built-in.o
  CC      crypto/crypto_wq.o
  CC      fs/devpts/inode.o
  AR      kernel/livepatch/built-in.o
  CC      block/bio.o
  CC      kernel/irq/generic-chip.o
  AR      fs/devpts/devpts.o
  AR      fs/devpts/built-in.o
  CC      fs/ecryptfs/dentry.o
  CC      crypto/algapi.o
  CC      kernel/irq/autoprobe.o
  CC      fs/ecryptfs/file.o
  CC      block/elevator.o
  CC      kernel/irq/irqdomain.o
  CC      fs/ecryptfs/inode.o
  CC      fs/ecryptfs/main.o
  CC      kernel/irq/proc.o
  CC      crypto/scatterwalk.o
  CC      block/blk-core.o
  CC      kernel/irq/cpuhotplug.o
  CC      fs/ecryptfs/super.o
  CC      kernel/irq/pm.o
  CC      crypto/proc.o
  CC      fs/ecryptfs/mmap.o
  CC      crypto/aead.o
  CC      kernel/irq/msi.o
  CC      fs/ecryptfs/read_write.o
  CC      block/blk-tag.o
  CC      fs/ecryptfs/crypto.o
  CC      kernel/irq/affinity.o
  CC      block/blk-sysfs.o
  AR      kernel/irq/built-in.o
  CC      kernel/locking/mutex.o
  CC      crypto/ablkcipher.o
  CC      fs/ecryptfs/keystore.o
  CC      block/blk-flush.o
  CC      kernel/locking/semaphore.o
  CC      fs/ecryptfs/kthread.o
  CC      crypto/blkcipher.o
  CC      kernel/locking/rwsem.o
  CC      block/blk-settings.o
  CC      fs/ecryptfs/debug.o
  CC      kernel/locking/percpu-rwsem.o
  AR      fs/ecryptfs/ecryptfs.o
  CC      kernel/locking/spinlock.o
  AR      fs/ecryptfs/built-in.o
  CC      fs/erofs/super.o
  CC      block/blk-ioc.o
  CC      crypto/skcipher.o
  CC      kernel/locking/osq_lock.o
  CC      kernel/locking/rtmutex.o
  CC      fs/erofs/inode.o
  CC      block/blk-map.o
  CC      fs/erofs/data.o
  CC      kernel/locking/rwsem-xadd.o
  CC      crypto/seqiv.o
  CC      fs/erofs/namei.o
  AR      kernel/locking/built-in.o
  CC      block/blk-exec.o
  CC      kernel/power/qos.o
  CC      crypto/echainiv.o
  CC      fs/erofs/dir.o
  CC      block/blk-merge.o
  CC      fs/erofs/utils.o
  CC      kernel/power/main.o
  CC      crypto/ahash.o
  CC      fs/erofs/pcpubuf.o
  CC      fs/erofs/xattr.o
  CC      kernel/power/process.o
  CC      block/blk-softirq.o
  CC      fs/erofs/decompressor.o
  CC      kernel/power/suspend.o
  CC      crypto/shash.o
  CC      block/blk-timeout.o
  CC      fs/erofs/zmap.o
  CC      kernel/power/wakelock.o
  CC      fs/erofs/zdata.o
  CC      block/blk-lib.o
  CC      crypto/algboss.o
  CC      kernel/power/poweroff.o
  CC      kernel/power/wakeup_reason.o
  AR      fs/erofs/erofs.o
  AR      fs/erofs/built-in.o
  AR      fs/exofs/built-in.o
  CC      fs/exportfs/expfs.o
  CC      block/blk-mq-tag.o
  AR      kernel/power/built-in.o
  CC      kernel/printk/printk.o
  CC      crypto/testmgr.o
In file included from /home/runner/work/Void-Kernal-/Void-Kernal-/kernel/kernel/printk/printk.c:26:
/home/runner/work/Void-Kernal-/Void-Kernal-/kernel/include/linux/nmi.h:111:49: warning: omitting the parameter name in a function definition is a C2x extension [-Wc2x-extensions]
static inline void sl_softirq_entry(const char *, void *) { }
                                                ^
/home/runner/work/Void-Kernal-/Void-Kernal-/kernel/include/linux/nmi.h:111:57: warning: omitting the parameter name in a function definition is a C2x extension [-Wc2x-extensions]
static inline void sl_softirq_entry(const char *, void *) { }
                                                        ^
  AR      fs/exportfs/exportfs.o
  AR      fs/exportfs/built-in.o
  CC      fs/ext2/balloc.o
  CC      block/blk-mq-cpumap.o
2 warnings generated.
  CC      block/ioctl.o
  AR      kernel/printk/built-in.o
  CC      fs/ext2/dir.o
  CC      kernel/rcu/update.o
  CC      fs/ext2/file.o
  CC      kernel/rcu/sync.o
  CC      block/genhd.o
  CC      kernel/rcu/srcu.o
  CC      fs/ext2/ialloc.o
  CC      kernel/rcu/tree.o
  CC      crypto/hmac.o
  CC      fs/ext2/inode.o
In file included from /home/runner/work/Void-Kernal-/Void-Kernal-/kernel/kernel/rcu/tree.c:38:
/home/runner/work/Void-Kernal-/Void-Kernal-/kernel/include/linux/nmi.h:111:49: warning: omitting the parameter name in a function definition is a C2x extension [-Wc2x-extensions]
static inline void sl_softirq_entry(const char *, void *) { }
                                                ^
/home/runner/work/Void-Kernal-/Void-Kernal-/kernel/include/linux/nmi.h:111:57: warning: omitting the parameter name in a function definition is a C2x extension [-Wc2x-extensions]
static inline void sl_softirq_entry(const char *, void *) { }
                                                        ^
  CC      crypto/sha1_generic.o
  CC      block/scsi_ioctl.o
  CC      fs/ext2/ioctl.o
  CC      fs/ext2/namei.o
  CC      crypto/sha256_generic.o
2 warnings generated.
  CC      block/partition-generic.o
  CC      fs/ext2/super.o
  AR      kernel/rcu/built-in.o
  CC      kernel/sched/core.o
  CC      fs/ext2/symlink.o
In file included from /home/runner/work/Void-Kernal-/Void-Kernal-/kernel/kernel/sched/core.c:32:
/home/runner/work/Void-Kernal-/Void-Kernal-/kernel/include/linux/nmi.h:111:49: warning: omitting the parameter name in a function definition is a C2x extension [-Wc2x-extensions]
static inline void sl_softirq_entry(const char *, void *) { }
                                                ^
/home/runner/work/Void-Kernal-/Void-Kernal-/kernel/include/linux/nmi.h:111:57: warning: omitting the parameter name in a function definition is a C2x extension [-Wc2x-extensions]
static inline void sl_softirq_entry(const char *, void *) { }
                                                        ^
  CC      block/ioprio.o
  CC      fs/ext2/xattr.o
  CC      crypto/sha512_generic.o
  CC      fs/ext2/xattr_user.o
  CC      block/badblocks.o
  CC      fs/ext2/xattr_trusted.o
  CC      fs/ext2/xattr_security.o
  CC      crypto/ecb.o
  CC      block/partitions/check.o
  AR      fs/ext2/ext2.o
  AR      fs/ext2/built-in.o
2 warnings generated.
  CC      fs/ext4/balloc.o
  CC      crypto/cbc.o
  CC      block/partitions/msdos.o
  CC      crypto/ctr.o
  CC      kernel/sched/fair.o
  CC      fs/ext4/bitmap.o
  CC      block/partitions/efi.o
  CC      fs/ext4/dir.o
  CC      crypto/gcm.o
  AR      block/partitions/built-in.o
  CC      block/blk-exynos-mq.o
  CC      fs/ext4/file.o
  CC      crypto/aes_generic.o
  CC      fs/ext4/fsync.o
  CC      block/blk-exynos-mq-sysfs.o
  CC      crypto/authenc.o
  CC      fs/ext4/ialloc.o
  CC      kernel/sched/loadavg.o
  CC      block/blk-cgroup.o
  CC      fs/ext4/inode.o
  CC      kernel/sched/clock.o
  CC      crypto/authencesn.o
  CC      kernel/sched/cputime.o
  CC      block/noop-iosched.o
  CC      crypto/rng.o
  CC      kernel/sched/idle_task.o
  CC      block/cfq-iosched.o
  CC      fs/ext4/page-io.o
  CC      kernel/sched/rt.o
  CC      crypto/drbg.o
  CC      fs/ext4/ioctl.o
  CC      kernel/sched/deadline.o
  CC      block/bfq-iosched.o
  CC      fs/ext4/namei.o
  CC      kernel/sched/stop_task.o
  CC      crypto/jitterentropy.o
  CC      crypto/jitterentropy-kcapi.o
  CC      kernel/sched/wait.o
  CC      fs/ext4/super.o
  CC      kernel/sched/swait.o
  CC      crypto/tcrypt.o
  CC      kernel/sched/completion.o
  CC      block/compat_ioctl.o
  CC      kernel/sched/idle.o
  CC      block/blk-mq-pci.o
  CC      fs/ext4/symlink.o
  CC      kernel/sched/cpupri.o
  CC      crypto/ghash-generic.o
  CC      fs/ext4/hash.o
  CC      kernel/sched/cpudeadline.o
  AR      block/built-in.o
  CC      crypto/akcipher.o
  CC      kernel/sched/energy.o
  CC      fs/ext4/resize.o
  CC      drivers/amba/bus.o
  CC      kernel/sched/ehmp.o
  CC      crypto/kpp.o
  AR      drivers/amba/built-in.o
  CC      drivers/android/binder.o
  CC      fs/ext4/extents.o
  CC      kernel/sched/tune.o
  ASN.1   crypto/rsapubkey-asn1.c
  ASN.1   crypto/rsaprivkey-asn1.c
  CC      crypto/rsa.o
  CC      kernel/sched/cpuacct.o
  CC      kernel/sched/cpufreq.o
  CC      crypto/rsa_helper.o
  CC      crypto/rsa-pkcs1pad.o
  CC      drivers/android/binder_alloc.o
  CC      fs/ext4/ext4_jbd2.o
  CC      kernel/sched/cpufreq_schedutil.o
  CC      crypto/acompress.o
  AR      drivers/android/built-in.o
  AR      drivers/auxdisplay/built-in.o
  CC      fs/ext4/migrate.o
  CC      drivers/base/component.o
  CC      kernel/sched/freqvar_tune.o
  CC      fs/ext4/mballoc.o
  CC      drivers/base/core.o
  CC      crypto/scompress.o
  CC      kernel/sched/psi.o
  AR      kernel/sched/built-in.o
  CC      kernel/time/time.o
  CC      crypto/cmac.o
  CC      drivers/base/bus.o
  CC      fs/ext4/block_validity.o
  CC      crypto/crypto_null.o
  CC      kernel/time/timer.o
  CC      drivers/base/dd.o
  CC      fs/ext4/move_extent.o
  CC      crypto/md4.o
  CC      fs/ext4/mmp.o
  CC      drivers/base/syscore.o
  CC      kernel/time/hrtimer.o
  CC      crypto/md5.o
  CC      fs/ext4/indirect.o
  CC      drivers/base/driver.o
  CC      crypto/gf128mul.o
  CC      kernel/time/itimer.o
  CC      fs/ext4/extents_status.o
  CC      drivers/base/class.o
  CC      kernel/time/posix-timers.o
  CC      crypto/cts.o
  CC      fs/ext4/xattr.o
  CC      drivers/base/platform.o
  CC      crypto/xts.o
  CC      kernel/time/posix-cpu-timers.o
  CC      fs/ext4/xattr_user.o
  CC      drivers/base/cpu.o
  CC      kernel/time/timekeeping.o
  CC      fs/ext4/xattr_trusted.o
  CC      crypto/ccm.o
  CC      drivers/base/firmware.o
  CC      fs/ext4/inline.o
  CC      crypto/cryptd.o
  CC      drivers/base/init.o
  CC      kernel/time/ntp.o
  CC      drivers/base/map.o
  CC      kernel/time/clocksource.o
  CC      fs/ext4/readpage.o
  CC      drivers/base/devres.o
  CC      fs/ext4/sysfs.o
  CC      kernel/time/jiffies.o
  CC      crypto/des_generic.o
  CC      drivers/base/attribute_container.o
  CC      fs/ext4/acl.o
  CC      kernel/time/timer_list.o
  CC      drivers/base/transport_class.o
In file included from /home/runner/work/Void-Kernal-/Void-Kernal-/kernel/kernel/time/timer_list.c:19:
/home/runner/work/Void-Kernal-/Void-Kernal-/kernel/include/linux/nmi.h:111:49: warning: omitting the parameter name in a function definition is a C2x extension [-Wc2x-extensions]
static inline void sl_softirq_entry(const char *, void *) { }
                                                ^
/home/runner/work/Void-Kernal-/Void-Kernal-/kernel/include/linux/nmi.h:111:57: warning: omitting the parameter name in a function definition is a C2x extension [-Wc2x-extensions]
static inline void sl_softirq_entry(const char *, void *) { }
                                                        ^
2 warnings generated.
  CC      kernel/time/timeconv.o
  CC      crypto/twofish_generic.o
  CC      fs/ext4/xattr_security.o
  CC      drivers/base/topology.o
  CC      kernel/time/timecounter.o
  CC      kernel/time/posix-clock.o
  CC      crypto/twofish_common.o
  AR      fs/ext4/ext4.o
  AR      fs/ext4/built-in.o
  CC      drivers/base/container.o
  CC      fs/f2fs/dir.o
  CC      drivers/base/property.o
  CC      crypto/arc4.o
  CC      kernel/time/alarmtimer.o
  CC      fs/f2fs/file.o
  CC      crypto/deflate.o
  CC      kernel/time/clockevents.o
  CC      drivers/base/cacheinfo.o
  CC      crypto/crc32c_generic.o
  CC      kernel/time/tick-common.o
  CC      drivers/base/dma-contiguous.o
  CC      fs/f2fs/inode.o
  CC      crypto/crc32_generic.o
  CC      drivers/base/power/sysfs.o
  CC      kernel/time/tick-broadcast.o
  CC      drivers/base/power/generic_ops.o
  CC      fs/f2fs/namei.o
  CC      crypto/lzo.o
  CC      crypto/lzo-rle.o
  CC      kernel/time/tick-broadcast-hrtimer.o
  CC      drivers/base/power/common.o
  CC      fs/f2fs/hash.o
  CC      crypto/lz4.o
  CC      kernel/time/sched_clock.o
  CC      kernel/time/tick-oneshot.o
  CC      crypto/diskcipher.o
  CC      fs/f2fs/super.o
  CC      drivers/base/power/qos.o
  CC      kernel/time/tick-sched.o
  CC      crypto/asymmetric_keys/asymmetric_type.o
  CC      drivers/base/power/runtime.o
  CC      kernel/time/timer_stats.o
  CC      fs/f2fs/inline.o
  CC      crypto/asymmetric_keys/restrict.o
  CC      kernel/time/timekeeping_debug.o
  CC      crypto/asymmetric_keys/signature.o
  AR      kernel/time/built-in.o
  CC      kernel/freezer.o
  CC      drivers/base/power/wakeirq.o
  CC      crypto/asymmetric_keys/public_key.o
  CC      fs/f2fs/checkpoint.o
  CC      drivers/base/power/main.o
  CC      kernel/stacktrace.o
  ASN.1   crypto/asymmetric_keys/x509-asn1.c
  ASN.1   crypto/asymmetric_keys/x509_akid-asn1.c
  CC      crypto/asymmetric_keys/x509_public_key.o
  CC      kernel/futex.o
  AR      crypto/asymmetric_keys/asymmetric_keys.o
  CC      fs/f2fs/gc.o
  CC      crypto/asymmetric_keys/x509-asn1.o
  CC      crypto/asymmetric_keys/x509_akid-asn1.o
  CC      crypto/asymmetric_keys/x509_cert_parser.o
  CC      drivers/base/power/wakeup.o
  AR      crypto/asymmetric_keys/x509_key_parser.o
  AR      crypto/asymmetric_keys/built-in.o
  CC      crypto/hash_info.o
  CC      crypto/ablk_helper.o
  CC      kernel/smp.o
  CC      fs/f2fs/data.o
  CC      drivers/base/power/opp/core.o
  CC      kernel/uid16.o
  AR      crypto/crypto.o
  AR      crypto/crypto_algapi.o
  AR      crypto/crypto_blkcipher.o
  AR      crypto/crypto_hash.o
  AR      crypto/cryptomgr.o
  AR      crypto/jitterentropy_rng.o
  CC      crypto/rsapubkey-asn1.o
  CC      crypto/rsaprivkey-asn1.o
  AR      crypto/rsa_generic.o
  AR      crypto/built-in.o
  CC      fs/f2fs/node.o
  CC      kernel/module.o
  CC      drivers/base/power/opp/cpu.o
  CC      drivers/battery_v2/sec_battery.o
  CC      drivers/base/power/opp/of.o
  CC      drivers/base/power/opp/debugfs.o
  CC      fs/f2fs/segment.o
  AR      drivers/base/power/opp/built-in.o
  CC      drivers/base/power/domain.o
  CC      kernel/kallsyms.o
  CC      drivers/battery_v2/sec_battery_sysfs.o
  CC      drivers/base/power/domain_governor.o
  CC      drivers/battery_v2/sec_battery_dt.o
  CC      kernel/compat.o
  CC      drivers/base/power/clock_ops.o
  CC      drivers/battery_v2/sec_adc.o
  CC      fs/f2fs/recovery.o
  AR      drivers/base/power/built-in.o
  CC      drivers/base/regmap/regmap.o
  CC      drivers/battery_v2/sec_cisd.o
  CC      kernel/utsname.o
  CC      kernel/user_namespace.o
  CC      fs/f2fs/shrinker.o
  CC      drivers/battery_v2/battery_notifier.o
  CC      drivers/battery_v2/max77705_fuelgauge.o
  CC      fs/f2fs/extent_cache.o
  CC      drivers/base/regmap/regcache.o
  CC      kernel/pid_namespace.o
  CC      drivers/battery_v2/max77705_charger.o
  CC      fs/f2fs/sysfs.o
  CC      drivers/base/regmap/regcache-rbtree.o
  GZIP    kernel/config_data.gz
  CC      kernel/stop_machine.o
  CC      drivers/base/regmap/regcache-lzo.o
In file included from /home/runner/work/Void-Kernal-/Void-Kernal-/kernel/kernel/stop_machine.c:23:
/home/runner/work/Void-Kernal-/Void-Kernal-/kernel/include/linux/nmi.h:111:49: warning: omitting the parameter name in a function definition is a C2x extension [-Wc2x-extensions]
static inline void sl_softirq_entry(const char *, void *) { }
                                                ^
/home/runner/work/Void-Kernal-/Void-Kernal-/kernel/include/linux/nmi.h:111:57: warning: omitting the parameter name in a function definition is a C2x extension [-Wc2x-extensions]
static inline void sl_softirq_entry(const char *, void *) { }
                                                        ^
2 warnings generated.
  CC      fs/f2fs/debug.o
  CC      drivers/battery_v2/mfc_charger.o
  CC      kernel/audit.o
  CC      drivers/base/regmap/regcache-flat.o
  CC      drivers/base/regmap/regmap-debugfs.o
  CC      fs/f2fs/xattr.o
  CC      drivers/base/regmap/regmap-i2c.o
  AR      drivers/battery_v2/built-in.o
  CC      drivers/block/brd.o
  CC      fs/f2fs/acl.o
  CC      drivers/base/regmap/regmap-spi.o
  CC      kernel/auditfilter.o
  CC      drivers/block/loop.o
  AR      fs/f2fs/f2fs.o
  AR      fs/f2fs/built-in.o
  CC      fs/fat/cache.o
  CC      drivers/base/regmap/regmap-mmio.o
  CC      fs/fat/dir.o
  CC      kernel/auditsc.o
  CC      drivers/base/regmap/regmap-irq.o
  CC      drivers/block/zram/zcomp.o
  CC      drivers/block/zram/zram_drv.o
  CC      fs/fat/fatent.o
  AR      drivers/base/regmap/built-in.o
  CC      drivers/base/dma-mapping.o
  CC      kernel/audit_watch.o
  CC      drivers/base/dma-coherent.o
  CC      fs/fat/file.o
  CC      kernel/audit_fsnotify.o
  AR      drivers/block/zram/zram.o
  AR      drivers/block/zram/built-in.o
  AR      drivers/block/built-in.o
  CC      drivers/bluetooth/bcm43xx.o
  CC      drivers/base/firmware_class.o
  CC      kernel/audit_tree.o
  AR      drivers/bluetooth/built-in.o
  CC      drivers/bts/cal_bts9810.o
  CC      fs/fat/inode.o
  CC      drivers/bts/bts-exynos9810.o
  CC      kernel/kprobes.o
  CC      drivers/base/module.o
  AR      drivers/bts/built-in.o
  AR      drivers/bus/built-in.o
  CC      drivers/base/soc.o
  CC      fs/fat/misc.o
  CC      sound/sound_core.o
  CC      kernel/hung_task.o
  CC      drivers/base/pinctrl.o
  AR      sound/arm/built-in.o
  CC      fs/fat/nfs.o
  AR      sound/atmel/built-in.o
In file included from /home/runner/work/Void-Kernal-/Void-Kernal-/kernel/kernel/hung_task.c:10:
/home/runner/work/Void-Kernal-/Void-Kernal-/kernel/include/linux/nmi.h:111:49: warning: omitting the parameter name in a function definition is a C2x extension [-Wc2x-extensions]
static inline void sl_softirq_entry(const char *, void *) { }
                                                ^
/home/runner/work/Void-Kernal-/Void-Kernal-/kernel/include/linux/nmi.h:111:57: warning: omitting the parameter name in a function definition is a C2x extension [-Wc2x-extensions]
static inline void sl_softirq_entry(const char *, void *) { }
                                                        ^
  CC      sound/core/sound.o
  CC      drivers/base/platform-msi.o
2 warnings generated.
  CC      fs/fat/xattr.o
  CC      kernel/watchdog.o
  CC      sound/core/init.o
  CC      fs/fat/namei_vfat.o
  CC      drivers/base/arch_topology.o
In file included from /home/runner/work/Void-Kernal-/Void-Kernal-/kernel/kernel/watchdog.c:16:
/home/runner/work/Void-Kernal-/Void-Kernal-/kernel/include/linux/nmi.h:111:49: warning: omitting the parameter name in a function definition is a C2x extension [-Wc2x-extensions]
static inline void sl_softirq_entry(const char *, void *) { }
                                                ^
/home/runner/work/Void-Kernal-/Void-Kernal-/kernel/include/linux/nmi.h:111:57: warning: omitting the parameter name in a function definition is a C2x extension [-Wc2x-extensions]
static inline void sl_softirq_entry(const char *, void *) { }
                                                        ^
2 warnings generated.
  AR      drivers/base/built-in.o
  CC      kernel/seccomp.o
  CC      fs/fat/namei_msdos.o
  CC      sound/core/memory.o
  CC      drivers/ccic/ccic_notifier.o
  CC      drivers/ccic/ccic_sysfs.o
  AR      fs/fat/fat.o
  AR      fs/fat/vfat.o
  AR      fs/fat/msdos.o
  AR      fs/fat/built-in.o
  CC      sound/core/control.o
  CC      fs/fuse/dev.o
  CC      drivers/ccic/ccic_core.o
  CC      kernel/utsname_sysctl.o
  CC      kernel/delayacct.o
  CC      drivers/ccic/ccic_misc.o
  CC      kernel/taskstats.o
  CC      sound/core/misc.o
  CC      drivers/ccic/ccic_alternate.o
  CC      kernel/tsacct.o
  CC      drivers/ccic/s2mm005_fw.o
  CC      fs/fuse/dir.o
  CC      sound/core/device.o
  CC      kernel/irq_work.o
  CC      sound/core/info.o
  CC      drivers/ccic/s2mm005_cc.o
  CC      fs/fuse/file.o
  CC      kernel/cpu_pm.o
  CC      drivers/ccic/s2mm005_pd.o
  CC      kernel/membarrier.o
  CC      sound/core/ctljack.o
  CC      drivers/ccic/sec_pd.o
  CC      kernel/memremap.o
  CC      drivers/ccic/s2mm005.o
  CC      sound/core/jack.o
  CHK     kernel/config_data.h
  CC      fs/fuse/inode.o
  UPD     kernel/config_data.h
  CC      drivers/ccic/max77705_cc.o
  CC      kernel/configs.o
  CC      sound/core/hwdep.o
  AR      kernel/built-in.o
  CC      drivers/ccic/max77705_pd.o
  AR      drivers/cdrom/built-in.o
  CC      drivers/ccic/max77705_usbc.o
  CC      sound/core/timer.o
  CC      fs/fuse/control.o
  AR      sound/drivers/mpu401/built-in.o
  CC      fs/fuse/xattr.o
  AR      sound/drivers/opl3/built-in.o
  AR      sound/drivers/opl4/built-in.o
  CC      drivers/ccic/max77705_alternate.o
  AR      sound/drivers/pcsp/built-in.o
  AR      sound/drivers/vx/built-in.o
  AR      sound/drivers/built-in.o
  AR      sound/firewire/built-in.o
  MK_FW   firmware/mfc/mfc_fw_flash.bin.gen.S
  IHEX    firmware/mfc/mfc_fw_flash.bin
  MK_FW   firmware/exynos9810_acpm_tmu.fw.gen.S
  IHEX    firmware/exynos9810_acpm_tmu.fw
  AS      firmware/mfc/mfc_fw_flash.bin.gen.o
  AS      firmware/exynos9810_acpm_tmu.fw.gen.o
  AR      firmware/built-in.o
  CC      sound/core/pcm.o
  CC      fs/fuse/acl.o
  CC      drivers/char/mem.o
  AR      drivers/ccic/built-in.o
  CC      fs/jbd2/transaction.o
  CC      fs/fuse/passthrough.o
  CC      drivers/char/random.o
  CC      sound/core/pcm_native.o
  AR      fs/fuse/fuse.o
  AR      fs/fuse/built-in.o
  CC      fs/kernfs/mount.o
  CC      fs/jbd2/commit.o
  CC      fs/kernfs/inode.o
  CC      drivers/char/misc.o
  CC      fs/jbd2/recovery.o
  CC      fs/kernfs/dir.o
  AR      drivers/char/agp/built-in.o
  CC      drivers/char/hw_random/core.o
  CC      sound/core/pcm_lib.o
  CC      fs/jbd2/checkpoint.o
  CC      fs/kernfs/file.o
  CC      drivers/char/hw_random/exyswd-rng.o
  CC      fs/jbd2/revoke.o
  CC      drivers/char/hw_random/cavium-rng.o
  CC      sound/core/pcm_misc.o
  CC      fs/kernfs/symlink.o
  CC      fs/jbd2/journal.o
  CC      drivers/char/hw_random/cavium-rng-vf.o
  AR      fs/kernfs/built-in.o
  CC      fs/lockd/clntlock.o
  AR      drivers/char/hw_random/rng-core.o
  AR      drivers/char/hw_random/built-in.o
  CC      drivers/char/mst_ctrl.o
  CC      sound/core/pcm_memory.o
  AR      drivers/char/built-in.o
  AR      drivers/char/ipmi/built-in.o
  CC      sound/core/memalloc.o
  CC      drivers/clk/clk-devres.o
  AR      fs/jbd2/jbd2.o
  AR      fs/jbd2/built-in.o
  CC      fs/nfs/client.o
  CC      fs/lockd/clntproc.o
  CC      drivers/clk/clkdev.o
  CC      sound/core/pcm_timer.o
  CC      sound/core/pcm_dmaengine.o
  CC      drivers/clk/clk.o
  CC      sound/core/rawmidi.o
  CC      fs/lockd/clntxdr.o
  CC      fs/nfs/dir.o
  CC      drivers/clk/clk-divider.o
  CC      fs/lockd/host.o
  CC      drivers/clk/clk-fixed-factor.o
  CC      sound/core/compress_offload.o
  CC      fs/lockd/svc.o
  CC      drivers/clk/clk-fixed-rate.o
  AR      sound/core/snd.o
  AR      sound/core/snd-hwdep.o
  AR      sound/core/snd-timer.o
  AR      sound/core/snd-pcm.o
  AR      sound/core/snd-pcm-dmaengine.o
  AR      sound/core/snd-rawmidi.o
  AR      sound/core/snd-compress.o
  AR      sound/core/built-in.o
  CC      fs/nfs/file.o
  AR      sound/hda/built-in.o
  CC      drivers/clk/clk-gate.o
  AR      sound/i2c/other/built-in.o
  AR      sound/i2c/built-in.o
  AR      sound/isa/ad1816a/built-in.o
  AR      sound/isa/ad1848/built-in.o
  AR      sound/isa/cs423x/built-in.o
  CC      fs/lockd/svclock.o
  AR      sound/isa/es1688/built-in.o
  CC      drivers/clk/clk-multiplier.o
  AR      sound/isa/galaxy/built-in.o
  AR      sound/isa/gus/built-in.o
  AR      sound/isa/msnd/built-in.o
  AR      sound/isa/opti9xx/built-in.o
  AR      sound/isa/sb/built-in.o
  AR      sound/isa/wavefront/built-in.o
  AR      sound/isa/wss/built-in.o
  AR      sound/isa/built-in.o
  AR      sound/mips/built-in.o
  CC      drivers/clk/clk-mux.o
  AR      sound/parisc/built-in.o
  AR      sound/pci/ac97/built-in.o
  AR      sound/pci/ali5451/built-in.o
  AR      sound/pci/asihpi/built-in.o
  CC      fs/lockd/svcshare.o
  AR      sound/pci/au88x0/built-in.o
  AR      sound/pci/aw2/built-in.o
  CC      fs/nfs/getroot.o
  AR      sound/pci/ca0106/built-in.o
  CC      drivers/clk/clk-composite.o
  AR      sound/pci/cs46xx/built-in.o
  AR      sound/pci/cs5535audio/built-in.o
  AR      sound/pci/ctxfi/built-in.o
  AR      sound/pci/echoaudio/built-in.o
  AR      sound/pci/emu10k1/built-in.o
  AR      sound/pci/hda/built-in.o
  CC      drivers/clk/clk-fractional-divider.o
  AR      sound/pci/ice1712/built-in.o
  AR      sound/pci/korg1212/built-in.o
  AR      sound/pci/lola/built-in.o
  AR      sound/pci/lx6464es/built-in.o
  AR      sound/pci/mixart/built-in.o
  AR      sound/pci/nm256/built-in.o
  AR      sound/pci/oxygen/built-in.o
  CC      fs/lockd/svcproc.o
  AR      sound/pci/pcxhr/built-in.o
  AR      sound/pci/riptide/built-in.o
  CC      fs/nfs/inode.o
  CC      drivers/clk/clk-gpio.o
  AR      sound/pci/rme9652/built-in.o
  AR      sound/pci/trident/built-in.o
  AR      sound/pci/vx222/built-in.o
  AR      sound/pci/ymfpci/built-in.o
  AR      sound/pci/built-in.o
  AR      sound/pcmcia/pdaudiocf/built-in.o
  AR      sound/pcmcia/vx/built-in.o
  AR      sound/pcmcia/built-in.o
  AR      sound/ppc/built-in.o
  AR      sound/sh/built-in.o
  CC      sound/soc/soc-core.o
  CC      fs/lockd/svcsubs.o
  CC      drivers/clk/clk-conf.o
  CC      drivers/clk/clk-xgene.o
  AR      drivers/clk/bcm/built-in.o
  AR      drivers/clk/mvebu/built-in.o
  CC      drivers/clk/samsung/clk-exynos-audss.o
  CC      fs/nfs/super.o
  CC      fs/lockd/mon.o
  CC      sound/soc/soc-dapm.o
  CC      drivers/clk/samsung/composite.o
  CC      drivers/clk/samsung/clk-exynos9810.o
  CC      fs/lockd/xdr.o
  CC      drivers/clk/samsung/clk-exynos-clkout.o
  AR      drivers/clk/samsung/built-in.o
  AR      drivers/clk/ti/built-in.o
  AR      drivers/clk/built-in.o
  CC      fs/lockd/clnt4xdr.o
  CC      drivers/clocksource/clksrc-probe.o
  CC      sound/soc/soc-jack.o
  CC      fs/nfs/io.o
  CC      drivers/clocksource/exynos_mct.o
  CC      fs/lockd/xdr4.o
  CC      drivers/clocksource/arm_arch_timer.o
  CC      sound/soc/soc-cache.o
  CC      fs/nfs/direct.o
  CC      sound/soc/soc-utils.o
  CC      fs/lockd/svc4proc.o
  CC      drivers/clocksource/dummy_timer.o
  AR      drivers/clocksource/built-in.o
  CC      drivers/cpufreq/cpufreq.o
  CC      sound/soc/soc-pcm.o
  CC      fs/lockd/procfs.o
  CC      fs/nfs/pagelist.o
  AR      fs/lockd/lockd.o
  AR      fs/lockd/built-in.o
  AR      sound/sparc/built-in.o
  CC      drivers/cpuidle/cpuidle.o
  CC      drivers/cpufreq/freq_table.o
  CC      sound/soc/soc-io.o
  CC      drivers/cpufreq/cpufreq_stats.o
  CC      drivers/cpuidle/driver.o
  CC      drivers/cpufreq/cpufreq_times.o
  CC      fs/nfs/read.o
  CC      sound/soc/soc-devres.o
  CC      drivers/cpuidle/governor.o
  CC      drivers/cpufreq/cpufreq_userspace.o
  CC      drivers/cpuidle/sysfs.o
  CC      drivers/cpufreq/cpufreq_ondemand.o
  CC      sound/soc/soc-ops.o
  CC      drivers/cpuidle/governors/menu.o
  CC      fs/nfs/symlink.o
  CC      drivers/cpufreq/cpufreq_conservative.o
  AR      drivers/cpuidle/governors/built-in.o
  CC      drivers/cpuidle/dt_idle_states.o
  CC      sound/soc/soc-generic-dmaengine-pcm.o
  CC      drivers/cpufreq/cpufreq_governor.o
  CC      drivers/cpuidle/cpuidle-exynos64.o
  CC      fs/nfs/unlink.o
  CC      drivers/cpufreq/cpufreq_governor_attr_set.o
  CC      sound/soc/soc-compress.o
  CC      drivers/cpuidle/exynos-ucc.o
  CC      drivers/cpufreq/exynos-acme.o
  AR      drivers/cpuidle/built-in.o
  CC      fs/nfs/write.o
  CC      drivers/crypto/exynos-diskcipher.o
  AR      sound/soc/adi/built-in.o
  AR      sound/soc/amd/built-in.o
  AR      sound/soc/atmel/built-in.o
  AR      sound/soc/au1x/built-in.o
  AR      sound/soc/bcm/built-in.o
  AR      sound/soc/blackfin/built-in.o
  AR      sound/soc/cirrus/built-in.o
  CC      drivers/crypto/fmp/first_file.o
  CC      sound/soc/codecs/cs47l92.o
  CC      drivers/crypto/fmp/fmp.o
  CC      drivers/cpufreq/exynos-ufc.o
  CC      drivers/crypto/fmp/fmp_test.o
  CC      drivers/cpufreq/cpufreq_darkness.o
  CC      sound/soc/codecs/madera.o
  CC      drivers/cpufreq/cpufreq_nightmare.o
  CC      fs/nfs/namespace.o
  CC      drivers/crypto/fmp/fmp_fips_main.o
  CC      drivers/cpufreq/cpufreq_intellidemand.o
/home/runner/work/Void-Kernal-/Void-Kernal-/kernel/drivers/cpufreq/cpufreq_intellidemand.c:33:40: warning: unused variable 'dbs_info' [-Wunused-variable]
        struct intellidemand_policy_dbs_info *dbs_info =
                                              ^
1 warning generated.
  CC      drivers/crypto/fmp/fmp_fips_fops.o
  CC      drivers/cpufreq/cpufreq_alucard.o
  CC      drivers/cpufreq/cpufreq_blu_active.o
  CC      drivers/cpufreq/cpufreq_intelliactive.o
  CC      drivers/cpufreq/cpufreq_yankactive.o
  CC      fs/nfs/mount_clnt.o
  CC      sound/soc/codecs/max98512.o
  CC      drivers/cpufreq/cpufreq_lionfish.o
  CC      drivers/crypto/fmp/fmp_fips_selftest.o
  CC      drivers/cpufreq/cpufreq_impulse.o
  CC      fs/nfs/nfstrace.o
  CC      drivers/cpufreq/cpufreq_wave.o
  CC      drivers/crypto/fmp/fmp_fips_integrity.o
  CC      drivers/cpufreq/cpufreq_smartass2.o
  CC      sound/soc/codecs/maxim_dsm.o
fs/nfs/.tmp_nfstrace.o: no symbols
  CC      fs/nfs/sysctl.o
  CC      drivers/crypto/fmp/hmac-sha256.o
  CC      drivers/cpufreq/cpufreq_smartmax.o
  CC      drivers/crypto/fmp/fmp_fips_cipher.o
  CC      drivers/cpufreq/cpufreq_smartmax_eps.o
  CC      drivers/crypto/fmp/sha256.o
  CC      fs/nfs/nfs2super.o
  CC      sound/soc/codecs/maxim_dsm_cal.o
  AR      drivers/cpufreq/built-in.o
  CC      drivers/devfreq/devfreq.o
  CC      drivers/crypto/fmp/last_file.o
  CC      drivers/crypto/fmp/fips_out.o
  CC      fs/nfs/proc.o
  CC      sound/soc/codecs/maxim_dsm_power.o
  CC      drivers/devfreq/governor_simpleinteractive.o
  AR      drivers/crypto/fmp/built-in.o
  AR      drivers/crypto/built-in.o
  CC      net/socket.o
  CC      sound/soc/codecs/wm_adsp.o
  CC      drivers/devfreq/exynos/exynos-devfreq.o
  CC      fs/nfs/nfs2xdr.o
  CC      drivers/devfreq/exynos/exynos9810_bus_mif.o
  CC      fs/nfs/nfs3super.o
  CC      drivers/devfreq/exynos/exynos9810_bus_int.o
  CC      sound/soc/codecs/moro_sound.o
  CC      drivers/devfreq/exynos/exynos9810_bus_disp.o
  CC      fs/nfs/nfs3client.o
  AR      sound/soc/codecs/snd-soc-cs47l92.o
  AR      net/802/built-in.o
  AR      sound/soc/codecs/snd-soc-madera.o
  AR      sound/soc/codecs/snd-soc-max98512.o
  CC      net/bluetooth/af_bluetooth.o
  AR      sound/soc/codecs/snd-soc-maxim-dsm.o
  AR      sound/soc/codecs/snd-soc-maxim-dsm-cal.o
  CC      drivers/devfreq/exynos/exynos9810_bus_cam.o
  AR      sound/soc/codecs/snd-soc-wm-adsp.o
  AR      sound/soc/codecs/built-in.o
  AR      sound/soc/davinci/built-in.o
  AR      sound/soc/dwc/built-in.o
  AR      sound/soc/fsl/built-in.o
  AR      sound/soc/generic/built-in.o
  CC      drivers/devfreq/exynos/exynos9810_bus_intcam.o
  AR      sound/soc/img/built-in.o
  AR      sound/soc/intel/boards/built-in.o
  AR      sound/soc/intel/built-in.o
  AR      sound/soc/jz4740/built-in.o
  AR      sound/soc/kirkwood/built-in.o
  AR      sound/soc/mediatek/built-in.o
  CC      drivers/devfreq/exynos/exynos9810_bus_aud.o
  AR      sound/soc/mxs/built-in.o
  AR      sound/soc/nuc900/built-in.o
  AR      sound/soc/omap/built-in.o
  AR      sound/soc/pxa/built-in.o
  AR      sound/soc/qcom/built-in.o
  AR      sound/soc/rockchip/built-in.o
  CC      sound/soc/samsung/dmaengine.o
  CC      fs/nfs/nfs3proc.o
  CC      drivers/devfreq/exynos/exynos9810_bus_iva.o
  CC      net/bluetooth/hci_core.o
  CC      drivers/devfreq/exynos/exynos9810_bus_score.o
  CC      sound/soc/samsung/dp_dma.o
  CC      drivers/devfreq/exynos/exynos9810_bus_fsys0.o
  CC      fs/nfs/nfs3xdr.o
  AR      drivers/devfreq/exynos/built-in.o
  AR      drivers/devfreq/built-in.o
  CC      drivers/dma/dmaengine.o
  CC      sound/soc/samsung/dummy_cpu_dai.o
  CC      sound/soc/samsung/abox/abox_util.o
  CC      fs/nfs/nfs3acl.o
  CC      net/bluetooth/hci_conn.o
  CC      drivers/dma/of-dma.o
  CC      sound/soc/samsung/abox/abox_dbg.o
  CC      fs/nfs/nfs4proc.o
  CC      drivers/dma/pl330.o
  CC      sound/soc/samsung/abox/abox_dump.o
  CC      net/bluetooth/hci_event.o
  CC      sound/soc/samsung/abox/abox_log.o
  CC      drivers/dma/samsung-dma.o
  CC      sound/soc/samsung/abox/abox_gic.o
  AR      drivers/dma/qcom/built-in.o
  AR      drivers/dma/xilinx/built-in.o
  AR      drivers/dma/built-in.o
  CC      net/bluetooth/mgmt.o
  CC      drivers/dma-buf/dma-buf.o
  CC      sound/soc/samsung/abox/abox.o
  CC      drivers/dma-buf/fence.o
  CC      fs/nfs/nfs4xdr.o
  CC      drivers/dma-buf/reservation.o
  CC      net/bluetooth/hci_sock.o
  CC      drivers/dma-buf/seqno-fence.o
  CC      sound/soc/samsung/abox/abox_rdma.o
  CC      drivers/dma-buf/fence-array.o
  CC      drivers/dma-buf/sync_file.o
  CC      net/bluetooth/hci_sysfs.o
  CC      sound/soc/samsung/abox/abox_wdma.o
  CC      drivers/dma-buf/sw_sync.o
  CC      net/bluetooth/l2cap_core.o
  CC      sound/soc/samsung/abox/abox_if.o
  CC      fs/nfs/nfs4state.o
  CC      drivers/dma-buf/sync_debug.o
  CC      sound/soc/samsung/abox/abox_effect.o
  AR      drivers/dma-buf/built-in.o
  CC      drivers/extcon/extcon.o
  CC      sound/soc/samsung/abox/abox_vss.o
  CC      sound/soc/samsung/abox/abox_failsafe.o
  CC      drivers/extcon/devres.o
  CC      fs/nfs/nfs4renewd.o
  CC      sound/soc/samsung/abox/abox_vdma.o
  CC      drivers/extcon/extcon-madera.o
  CC      fs/nfs/nfs4super.o
  CC      sound/soc/samsung/abox/abox_mmapfd.o
  CC      net/bluetooth/l2cap_sock.o
  CC      sound/soc/samsung/abox/abox_adaptation.o
  CC      fs/nfs/nfs4file.o
  AR      drivers/extcon/extcon-core.o
  AR      drivers/extcon/built-in.o
  CC      drivers/fingerprint/fingerprint_sysfs.o
  AR      sound/soc/samsung/abox/built-in.o
  CC      sound/soc/samsung/vts/mailbox.o
  CC      net/bluetooth/smp.o
  CC      drivers/fingerprint/et5xx-spi.o
  CC      fs/nfs/delegation.o
  CC      sound/soc/samsung/vts/vts.o
  CC      drivers/fingerprint/et5xx-spi_data_transfer.o
  CC      net/bluetooth/lib.o
  AR      drivers/fingerprint/built-in.o
  AR      drivers/firewire/built-in.o
  CC      fs/nfs/nfs4idmap.o
  CC      sound/soc/samsung/vts/vts_dma.o
  CC      drivers/firmware/psci.o
  CC      sound/soc/samsung/vts/vts_log.o
  CC      net/bluetooth/ecc.o
  CC      drivers/firmware/dmi_scan.o
  CC      net/bluetooth/hci_request.o
  CC      sound/soc/samsung/vts/vts_dump.o
  CC      fs/nfs/callback.o
  CC      drivers/firmware/dmi-id.o
  AR      drivers/firmware/broadcom/built-in.o
  AR      sound/soc/samsung/vts/built-in.o
  CC      drivers/firmware/efi/efi.o
  CC      sound/soc/samsung/star_madera.o
  CC      fs/nfs/callback_xdr.o
  CC      net/bluetooth/mgmt_util.o
  CC      sound/soc/samsung/jack_madera_sysfs_cb.o
  CC      drivers/firmware/efi/vars.o
  CC      net/bluetooth/sco.o
  CC      fs/nfs/callback_proc.o
  CC      sound/soc/samsung/sec_audio_sysfs.o
  CC      drivers/firmware/efi/reboot.o
  CC      drivers/firmware/efi/memattr.o
  CC      sound/soc/samsung/sec_audio_debug.o
  CC      net/bluetooth/a2mp.o
  CC      fs/nfs/nfs4namespace.o
  CC      drivers/firmware/efi/capsule.o
  AR      sound/soc/samsung/snd-soc-s3c-dma.o
  AR      sound/soc/samsung/snd-soc-dp_dma.o
  CC      drivers/firmware/efi/memmap.o
  AR      sound/soc/samsung/snd-soc-star-madera.o
  CC      net/bluetooth/amp.o
  CC      fs/nfs/nfs4getroot.o
  AR      sound/soc/samsung/snd-soc-sec-audio.o
  AR      sound/soc/samsung/built-in.o
  AR      sound/soc/sh/built-in.o
  AR      sound/soc/sirf/built-in.o
  AR      sound/soc/spear/built-in.o
  AR      sound/soc/sti/built-in.o
  AR      sound/soc/sunxi/built-in.o
  AR      sound/soc/tegra/built-in.o
  CC      drivers/firmware/efi/esrt.o
  AR      sound/soc/txx9/built-in.o
  AR      sound/soc/ux500/built-in.o
  AR      sound/soc/xtensa/built-in.o
  AR      sound/soc/zte/built-in.o
  AR      sound/soc/snd-soc-core.o
  AR      sound/soc/built-in.o
  AR      sound/spi/built-in.o
  AR      sound/synth/built-in.o
  CC      fs/nfs/nfs4client.o
  CC      drivers/firmware/efi/runtime-wrappers.o
  AR      net/bluetooth/bluetooth.o
  CC      sound/usb/card.o
  AR      net/bluetooth/built-in.o
  CC      net/bpf/test_run.o
  CC      drivers/firmware/efi/libstub/arm-stub.o
  CC      sound/usb/clock.o
  CC      drivers/firmware/efi/libstub/arm64-stub.o
  AR      net/bpf/built-in.o
  CC      net/core/sock.o
  CC      sound/usb/endpoint.o
  CC      drivers/firmware/efi/libstub/efi-stub-helper.o
  CC      fs/nfs/nfs4session.o
  CC      sound/usb/format.o
  CC      drivers/firmware/efi/libstub/fdt.o
  CC      sound/usb/helper.o
  CC      drivers/firmware/efi/libstub/gop.o
  CC      sound/usb/mixer.o
  CC      drivers/firmware/efi/libstub/lib-fdt.o
  CC      fs/nfs/dns_resolve.o
  CC      drivers/firmware/efi/libstub/lib-fdt_empty_tree.o
  CC      drivers/firmware/efi/libstub/lib-fdt_ro.o
  CC      net/core/request_sock.o
  CC      sound/usb/mixer_quirks.o
  CC      drivers/firmware/efi/libstub/lib-fdt_rw.o
  CC      fs/nfs/nfs4trace.o
  CC      drivers/firmware/efi/libstub/lib-fdt_sw.o
  CC      sound/usb/mixer_scarlett.o
  CC      drivers/firmware/efi/libstub/lib-fdt_wip.o
  CC      drivers/firmware/efi/libstub/lib-sort.o
  CC      drivers/firmware/efi/libstub/random.o
  CC      sound/usb/pcm.o
fs/nfs/.tmp_nfs4trace.o: no symbols
  CC      fs/nfs/nfs4sysctl.o
  CC      net/core/skbuff.o
  CC      drivers/firmware/efi/libstub/string.o
  STUBCPY drivers/firmware/efi/libstub/arm-stub.stub.o
  STUBCPY drivers/firmware/efi/libstub/arm64-stub.stub.o
  STUBCPY drivers/firmware/efi/libstub/efi-stub-helper.stub.o
  STUBCPY drivers/firmware/efi/libstub/fdt.stub.o
  STUBCPY drivers/firmware/efi/libstub/gop.stub.o
  STUBCPY drivers/firmware/efi/libstub/lib-fdt.stub.o
  STUBCPY drivers/firmware/efi/libstub/lib-fdt_empty_tree.stub.o
  STUBCPY drivers/firmware/efi/libstub/lib-fdt_ro.stub.o
  STUBCPY drivers/firmware/efi/libstub/lib-fdt_rw.stub.o
  STUBCPY drivers/firmware/efi/libstub/lib-fdt_sw.stub.o
  STUBCPY drivers/firmware/efi/libstub/lib-fdt_wip.stub.o
  STUBCPY drivers/firmware/efi/libstub/lib-sort.stub.o
  STUBCPY drivers/firmware/efi/libstub/random.stub.o
  STUBCPY drivers/firmware/efi/libstub/string.stub.o
  AR      drivers/firmware/efi/libstub/lib.a
  EXPORTS drivers/firmware/efi/libstub/lib-ksyms.o
  CC      sound/usb/proc.o
  CC      fs/nfs/pnfs.o
  AR      drivers/firmware/efi/libstub/built-in.o
  CC      drivers/firmware/efi/arm-init.o
  CC      sound/usb/quirks.o
  CC      drivers/firmware/efi/arm-runtime.o
  CC      sound/usb/stream.o
  AR      drivers/firmware/efi/built-in.o
  AR      drivers/firmware/meson/built-in.o
  AR      drivers/firmware/built-in.o
  CC      drivers/gpio/devres.o
  CC      sound/usb/midi.o
  CC      drivers/gpio/gpiolib.o
  CC      fs/nfs/pnfs_dev.o
  CC      net/core/datagram.o
  AR      sound/usb/6fire/built-in.o
  AR      sound/usb/bcd2000/built-in.o
  AR      sound/usb/caiaq/built-in.o
  AR      sound/usb/hiface/built-in.o
  AR      sound/usb/misc/built-in.o
  AR      sound/usb/usx2y/built-in.o
  AR      sound/usb/snd-usb-audio.o
  AR      sound/usb/snd-usbmidi-lib.o
  AR      sound/usb/built-in.o
  CC      sound/last.o
  CC      drivers/gpio/gpiolib-legacy.o
  AR      sound/soundcore.o
  AR      sound/built-in.o
  AS      arch/arm64/lib/crc32.o
  AS      arch/arm64/lib/bitops.o
  CC      arch/arm64/lib/checksum.o
  CC      net/core/stream.o
  CC      fs/nfs/pnfs_nfs.o
  AS      arch/arm64/lib/clear_page.o
  CC      drivers/gpio/gpiolib-of.o
  AS      arch/arm64/lib/clear_user.o
  AS      arch/arm64/lib/copy_from_user.o
  AS      arch/arm64/lib/copy_in_user.o
  AS      arch/arm64/lib/copy_page.o
  AS      arch/arm64/lib/copy_to_user.o
  CC      arch/arm64/lib/csum.o
  CC      arch/arm64/lib/delay.o
  CC      drivers/gpio/gpiolib-sysfs.o
  AS      arch/arm64/lib/memchr.o
  AS      arch/arm64/lib/memcmp.o
  AS      arch/arm64/lib/memcpy.o
  AS      arch/arm64/lib/memmove.o
  AS      arch/arm64/lib/memset.o
  AS      arch/arm64/lib/strchr.o
  CC      net/core/scm.o
  AS      arch/arm64/lib/strcmp.o
  AS      arch/arm64/lib/strlen.o
  AS      arch/arm64/lib/strncmp.o
  CC      drivers/gpio/gpio-pcal6524.o
  AS      arch/arm64/lib/strnlen.o
  AS      arch/arm64/lib/strrchr.o
  AS      arch/arm64/lib/tishift.o
  AR      arch/arm64/lib/lib.a
  EXPORTS arch/arm64/lib/lib-ksyms.o
  CC      fs/nfs/nfs42proc.o
  AR      arch/arm64/lib/built-in.o
  CC      fs/nfs_common/nfsacl.o
  AR      drivers/gpio/built-in.o
  CC      drivers/gps/sec_gps_bcm47531.o
  CC      net/core/gen_stats.o
  CC      fs/nfs_common/grace.o
  CC      fs/nfs/blocklayout/blocklayout.o
  AR      drivers/gps/built-in.o
  CC      drivers/gpu/arm/bv_r38p1/mali_kbase_cache_policy.o
  AR      fs/nfs_common/nfs_acl.o
  AR      fs/nfs_common/built-in.o
  CC      net/core/gen_estimator.o
  CC      fs/nfsd/trace.o
  CC      fs/nfs/blocklayout/dev.o
fs/nfsd/.tmp_trace.o: no symbols
  CC      fs/nfsd/nfssvc.o
  CC      drivers/gpu/arm/bv_r38p1/mali_kbase_ccswe.o
  CC      drivers/gpu/arm/bv_r38p1/mali_kbase_mem.o
  CC      fs/nfs/blocklayout/extent_tree.o
  CC      net/core/net_namespace.o
  CC      fs/nfsd/nfsctl.o
  CC      fs/nfs/blocklayout/rpc_pipefs.o
  CC      fs/nfsd/nfsproc.o
  CC      drivers/gpu/arm/bv_r38p1/mali_kbase_mem_pool_group.o
  CC      fs/nfsd/nfsfh.o
  CC      net/core/secure_seq.o
  AR      fs/nfs/blocklayout/blocklayoutdriver.o
  CC      drivers/gpu/arm/bv_r38p1/mali_kbase_native_mgm.o
  AR      fs/nfs/blocklayout/built-in.o
  CC      fs/nfs/filelayout/filelayout.o
  CC      fs/nfsd/vfs.o
  CC      net/core/flow_dissector.o
  CC      drivers/gpu/arm/bv_r38p1/mali_kbase_ctx_sched.o
  CC      fs/nfsd/export.o
  CC      drivers/gpu/arm/bv_r38p1/mali_kbase_gpuprops.o
  CC      fs/nfs/filelayout/filelayoutdev.o
  CC      fs/nfsd/auth.o
  CC      drivers/gpu/arm/bv_r38p1/mali_kbase_pm.o
  CC      net/core/sysctl_net_core.o
  AR      fs/nfs/filelayout/nfs_layout_nfsv41_files.o
  CC      fs/nfsd/lockd.o
  AR      fs/nfs/filelayout/built-in.o
  CC      fs/nfs/flexfilelayout/flexfilelayout.o
  CC      fs/nfsd/nfscache.o
  CC      drivers/gpu/arm/bv_r38p1/mali_kbase_config.o
  CC      net/core/dev.o
  CC      drivers/gpu/arm/bv_r38p1/mali_kbase_kinstr_prfcnt.o
  CC      fs/nfsd/nfsxdr.o
  CC      fs/nfs/flexfilelayout/flexfilelayoutdev.o
  CC      fs/nfsd/stats.o
  CC      drivers/gpu/arm/bv_r38p1/mali_kbase_vinstr.o
  CC      fs/nfsd/nfs3proc.o
  AR      fs/nfs/flexfilelayout/nfs_layout_flexfiles.o
  AR      fs/nfs/flexfilelayout/built-in.o
  AR      fs/nfs/nfs.o
  AR      fs/nfs/nfsv2.o
  AR      fs/nfs/nfsv3.o
  CC      drivers/gpu/arm/bv_r38p1/mali_kbase_hwcnt.o
  AR      fs/nfs/nfsv4.o
  AR      fs/nfs/built-in.o
  CC      fs/nls/nls_base.o
  CC      fs/nfsd/nfs3xdr.o
  CC      drivers/gpu/arm/bv_r38p1/mali_kbase_hwcnt_gpu.o
  CC      drivers/gpu/arm/bv_r38p1/mali_kbase_hwcnt_gpu_narrow.o
  CC      fs/nls/nls_cp437.o
  CC      fs/nls/nls_cp737.o
  CC      fs/nfsd/nfs4proc.o
  CC      drivers/gpu/arm/bv_r38p1/mali_kbase_hwcnt_types.o
  CC      fs/nls/nls_cp775.o
  CC      drivers/gpu/arm/bv_r38p1/mali_kbase_hwcnt_virtualizer.o
  CC      fs/nls/nls_cp850.o
  CC      net/core/ethtool.o
  CC      fs/nfsd/nfs4xdr.o
  CC      fs/nls/nls_cp852.o
  CC      drivers/gpu/arm/bv_r38p1/mali_kbase_hwcnt_watchdog_if_timer.o
  CC      fs/nls/nls_cp855.o
  CC      fs/nls/nls_cp857.o
  CC      drivers/gpu/arm/bv_r38p1/mali_kbase_softjobs.o
  CC      fs/nls/nls_cp860.o
  CC      fs/nls/nls_cp861.o
  CC      fs/nls/nls_cp862.o
  CC      drivers/gpu/arm/bv_r38p1/mali_kbase_hw.o
  CC      net/core/dev_addr_lists.o
  CC      fs/nfsd/nfs4state.o
  CC      fs/nls/nls_cp863.o
  CC      fs/nls/nls_cp864.o
  CC      drivers/gpu/arm/bv_r38p1/mali_kbase_debug.o
  CC      fs/nls/nls_cp865.o
  CC      fs/nls/nls_cp866.o
  CC      drivers/gpu/arm/bv_r38p1/mali_kbase_gpu_memory_debugfs.o
  CC      fs/nls/nls_cp869.o
  CC      net/core/dst.o
  CC      fs/nls/nls_cp874.o
  CC      drivers/gpu/arm/bv_r38p1/mali_kbase_mem_linux.o
  CC      fs/nls/nls_cp932.o
  CC      fs/nls/nls_euc-jp.o
  CC      fs/nfsd/nfs4idmap.o
  CC      fs/nls/nls_cp936.o
  CC      net/core/netevent.o
  CC      fs/nls/nls_cp949.o
  CC      fs/nfsd/nfs4acl.o
  CC      drivers/gpu/arm/bv_r38p1/mali_kbase_core_linux.o
  CC      fs/nls/nls_cp950.o
  CC      fs/nfsd/nfs4callback.o
  CC      net/core/neighbour.o
  CC      fs/nls/nls_cp1250.o
  CC      fs/nls/nls_cp1251.o
  CC      fs/nls/nls_ascii.o
  CC      fs/nfsd/nfs4recover.o
  CC      fs/nls/nls_iso8859-1.o
  CC      drivers/gpu/arm/bv_r38p1/mali_kbase_mem_profile_debugfs.o
  CC      fs/nls/nls_iso8859-2.o
  CC      fs/nls/nls_iso8859-3.o
  CC      drivers/gpu/arm/bv_r38p1/mali_kbase_disjoint_events.o
  CC      fs/nls/nls_iso8859-4.o
  AR      fs/nfsd/nfsd.o
  CC      fs/nls/nls_iso8859-5.o
  AR      fs/nfsd/built-in.o
  CC      fs/nls/nls_iso8859-6.o
  CC      net/core/rtnetlink.o
  CC      fs/nls/nls_iso8859-7.o
  CC      net/dns_resolver/dns_key.o
  CC      drivers/gpu/arm/bv_r38p1/mali_kbase_debug_mem_view.o
  CC      fs/nls/nls_cp1255.o
  CC      net/dns_resolver/dns_query.o
  CC      fs/nls/nls_iso8859-9.o
  CC      drivers/gpu/arm/bv_r38p1/mali_kbase_debug_mem_zones.o
  CC      fs/nls/nls_iso8859-13.o
  AR      net/dns_resolver/dns_resolver.o
  AR      net/dns_resolver/built-in.o
  CC      net/ethernet/eth.o
  CC      drivers/gpu/arm/bv_r38p1/mali_kbase_smc.o
  CC      fs/nls/nls_iso8859-14.o
  CC      fs/nls/nls_iso8859-15.o
  CC      drivers/gpu/arm/bv_r38p1/mali_kbase_mem_pool.o
  CC      fs/nls/nls_koi8-r.o
  CC      fs/nls/nls_koi8-u.o
  CC      net/core/utils.o
  CC      fs/nls/nls_koi8-ru.o
  CC      fs/nls/nls_utf8.o
  AR      net/ethernet/built-in.o
  CC      drivers/gpu/arm/bv_r38p1/mali_kbase_mem_pool_debugfs.o
  CC      net/ipv4/route.o
  CC      fs/nls/mac-celtic.o
  CC      fs/nls/mac-centeuro.o
  CC      drivers/gpu/arm/bv_r38p1/mali_kbase_debugfs_helper.o
  CC      fs/nls/mac-croatian.o
  CC      net/core/link_watch.o
  CC      drivers/gpu/arm/bv_r38p1/mali_kbase_strings.o
  CC      drivers/gpu/arm/bv_r38p1/mali_kbase_as_fault_debugfs.o
  CC      fs/nls/mac-cyrillic.o
  CC      fs/nls/mac-gaelic.o
  CC      drivers/gpu/arm/bv_r38p1/mali_kbase_regs_history_debugfs.o
  CC      fs/nls/mac-greek.o
  CC      fs/nls/mac-iceland.o
  CC      drivers/gpu/arm/bv_r38p1/mali_kbase_dvfs_debugfs.o
  CC      net/core/filter.o
  CC      fs/nls/mac-inuit.o
  CC      net/ipv4/inetpeer.o
  CC      fs/nls/mac-romanian.o
  CC      drivers/gpu/arm/bv_r38p1/mali_power_gpu_frequency_trace.o
drivers/gpu/arm/bv_r38p1/.tmp_mali_power_gpu_frequency_trace.o: no symbols
  CC      drivers/gpu/arm/bv_r38p1/mali_kbase_trace_gpu_mem.o
  CC      fs/nls/mac-roman.o
  CC      fs/nls/mac-turkish.o
  CC      drivers/gpu/arm/bv_r38p1/mali_kbase_pbha.o
  AR      fs/nls/built-in.o
  CC      fs/notify/fsnotify.o
  CC      drivers/gpu/arm/bv_r38p1/mali_kbase_pbha_debugfs.o
  CC      net/ipv4/protocol.o
  CC      fs/notify/notification.o
  CC      drivers/gpu/arm/bv_r38p1/mali_kbase_fence_ops.o
  CC      drivers/gpu/arm/bv_r38p1/mali_kbase_sync_file.o
  CC      fs/notify/group.o
  CC      net/ipv4/ip_input.o
  CC      fs/notify/inode_mark.o
  CC      drivers/gpu/arm/bv_r38p1/mali_kbase_sync_common.o
  CC      net/core/sock_diag.o
  CC      fs/notify/mark.o
  CC      drivers/gpu/arm/bv_r38p1/mali_kbase_jm.o
  CC      net/ipv4/ip_fragment.o
  CC      fs/notify/vfsmount_mark.o
  CC      drivers/gpu/arm/bv_r38p1/mali_kbase_hwcnt_backend_jm.o
  CC      fs/notify/fdinfo.o
  CC      net/core/dev_ioctl.o
  CC      drivers/gpu/arm/bv_r38p1/mali_kbase_hwcnt_backend_jm_watchdog.o
  CC      fs/notify/dnotify/dnotify.o
  AR      fs/notify/dnotify/built-in.o
  CC      net/ipv4/ip_forward.o
  AR      fs/notify/fanotify/built-in.o
  CC      fs/notify/inotify/inotify_fsnotify.o
  CC      drivers/gpu/arm/bv_r38p1/mali_kbase_dummy_job_wa.o
  CC      net/core/tso.o
  CC      fs/notify/inotify/inotify_user.o
  CC      drivers/gpu/arm/bv_r38p1/mali_kbase_debug_job_fault.o
  CC      net/ipv4/ip_options.o
  AR      fs/notify/inotify/built-in.o
  AR      fs/notify/built-in.o
  CC      fs/ntfs/aops.o
  CC      drivers/gpu/arm/bv_r38p1/mali_kbase_event.o
  CC      fs/ntfs/attrib.o
  CC      net/core/sock_reuseport.o
  CC      drivers/gpu/arm/bv_r38p1/mali_kbase_jd.o
  CC      net/ipv4/ip_output.o
  CC      fs/ntfs/collate.o
  CC      fs/ntfs/compress.o
  CC      net/core/xdp.o
  CC      drivers/gpu/arm/bv_r38p1/mali_kbase_jd_debugfs.o
  CC      fs/ntfs/debug.o
  CC      net/core/flow.o
  CC      fs/ntfs/dir.o
  CC      drivers/gpu/arm/bv_r38p1/mali_kbase_js.o
  CC      net/ipv4/ip_sockglue.o
  CC      fs/ntfs/file.o
  CC      net/core/net-sysfs.o
  CC      fs/ntfs/index.o
  CC      fs/ntfs/inode.o
  CC      drivers/gpu/arm/bv_r38p1/mali_kbase_js_ctx_attr.o
  CC      drivers/gpu/arm/bv_r38p1/mali_kbase_kinstr_jm.o
  CC      fs/ntfs/mft.o
  CC      net/ipv4/inet_hashtables.o
  CC      net/core/net-procfs.o
  CC      fs/ntfs/mst.o
  CC      net/core/fib_rules.o
  CC      drivers/gpu/arm/bv_r38p1/mali_kbase_fence.o
  CC      fs/ntfs/namei.o
  CC      drivers/gpu/arm/bv_r38p1/context/mali_kbase_context.o
  CC      fs/ntfs/runlist.o
  CC      net/ipv4/inet_timewait_sock.o
  CC      drivers/gpu/arm/bv_r38p1/context/backend/mali_kbase_context_jm.o
  CC      fs/ntfs/super.o
  CC      net/core/dst_cache.o
  CC      fs/ntfs/sysctl.o
  CC      drivers/gpu/arm/bv_r38p1/debug/mali_kbase_debug_ktrace.o
  CC      fs/ntfs/unistr.o
  CC      net/ipv4/inet_connection_sock.o
  CC      drivers/gpu/arm/bv_r38p1/debug/backend/mali_kbase_debug_ktrace_jm.o
  CC      fs/ntfs/upcase.o
  CC      net/core/bpf_sk_storage.o
drivers/gpu/arm/bv_r38p1/debug/backend/.tmp_mali_kbase_debug_ktrace_jm.o: no symbols
  CC      drivers/gpu/arm/bv_r38p1/device/mali_kbase_device.o
  AR      fs/ntfs/ntfs.o
  AR      fs/ntfs/built-in.o
  CC      fs/overlayfs/super.o
  AR      net/core/built-in.o
  CC      drivers/gpu/arm/bv_r38p1/device/mali_kbase_device_hw.o
  CC      fs/overlayfs/inode.o
  CC      net/ipv4/tcp.o
  CC      net/ipv6/af_inet6.o
  CC      fs/overlayfs/dir.o
  CC      drivers/gpu/arm/bv_r38p1/device/backend/mali_kbase_device_jm.o
  CC      fs/overlayfs/readdir.o
  CC      drivers/gpu/arm/bv_r38p1/device/backend/mali_kbase_device_hw_jm.o
  CC      fs/overlayfs/copy_up.o
  CC      net/ipv6/anycast.o
  CC      drivers/gpu/arm/bv_r38p1/backend/gpu/mali_kbase_cache_policy_backend.o
  AR      fs/overlayfs/overlay.o
  AR      fs/overlayfs/built-in.o
  CC      fs/proc/task_mmu.o
  CC      drivers/gpu/arm/bv_r38p1/backend/gpu/mali_kbase_gpuprops_backend.o
  CC      net/ipv4/tcp_input.o
  CC      net/ipv6/ip6_output.o
  CC      drivers/gpu/arm/bv_r38p1/backend/gpu/mali_kbase_irq_linux.o
  CC      fs/proc/inode.o
  CC      fs/proc/root.o
  CC      drivers/gpu/arm/bv_r38p1/backend/gpu/mali_kbase_js_backend.o
  CC      fs/proc/base.o
  CC      drivers/gpu/arm/bv_r38p1/backend/gpu/mali_kbase_pm_backend.o
  CC      fs/proc/generic.o
  CC      net/ipv6/ip6_input.o
  CC      drivers/gpu/arm/bv_r38p1/backend/gpu/mali_kbase_pm_driver.o
  CC      fs/proc/array.o
  CC      net/ipv4/tcp_output.o
  CC      fs/proc/fd.o
  CC      drivers/gpu/arm/bv_r38p1/backend/gpu/mali_kbase_pm_metrics.o
  CC      net/ipv6/addrconf.o
  CC      fs/proc/proc_tty.o
  CC      fs/proc/cmdline.o
  CC      drivers/gpu/arm/bv_r38p1/backend/gpu/mali_kbase_pm_ca.o
  CC      fs/proc/consoles.o
  CC      fs/proc/cpuinfo.o
  CC      drivers/gpu/arm/bv_r38p1/backend/gpu/mali_kbase_pm_always_on.o
  CC      fs/proc/devices.o
  CC      net/ipv4/tcp_timer.o
  CC      fs/proc/interrupts.o
  CC      fs/proc/loadavg.o
  CC      drivers/gpu/arm/bv_r38p1/backend/gpu/mali_kbase_pm_coarse_demand.o
  CC      net/ipv6/addrlabel.o
  CC      fs/proc/meminfo.o
  CC      fs/proc/stat.o
  CC      drivers/gpu/arm/bv_r38p1/backend/gpu/mali_kbase_pm_adaptive.o
  CC      net/ipv6/route.o
  CC      net/ipv4/tcp_ipv4.o
  CC      fs/proc/uptime.o
  CC      fs/proc/version.o
  CC      drivers/gpu/arm/bv_r38p1/backend/gpu/mali_kbase_pm_policy.o
  CC      fs/proc/softirqs.o
  CC      fs/proc/namespaces.o
  CC      fs/proc/self.o
  CC      drivers/gpu/arm/bv_r38p1/backend/gpu/mali_kbase_time.o
  CC      fs/proc/thread_self.o
  CC      net/ipv4/tcp_minisocks.o
  CC      net/ipv6/ip6_fib.o
  CC      fs/proc/uid.o
  CC      drivers/gpu/arm/bv_r38p1/backend/gpu/mali_kbase_l2_mmu_config.o
  CC      fs/proc/fslog.o
  CC      drivers/gpu/arm/bv_r38p1/backend/gpu/mali_kbase_clk_rate_trace_mgr.o
  CC      fs/proc/proc_sysctl.o
  CC      net/ipv4/tcp_cong.o
  CC      drivers/gpu/arm/bv_r38p1/backend/gpu/mali_kbase_instr_backend.o
  CC      net/ipv6/ipv6_sockglue.o
  CC      fs/proc/proc_net.o
  CC      drivers/gpu/arm/bv_r38p1/backend/gpu/mali_kbase_jm_as.o
  CC      drivers/gpu/arm/bv_r38p1/backend/gpu/mali_kbase_debug_job_fault_backend.o
  CC      net/ipv4/tcp_metrics.o
  CC      fs/proc/kmsg.o
  CC      fs/proc/page.o
  CC      drivers/gpu/arm/bv_r38p1/backend/gpu/mali_kbase_jm_hw.o
  CC      net/ipv6/ndisc.o
  AR      fs/proc/proc.o
  AR      fs/proc/built-in.o
  CC      fs/pstore/inode.o
  CC      drivers/gpu/arm/bv_r38p1/backend/gpu/mali_kbase_jm_rb.o
  CC      fs/pstore/platform.o
  CC      net/ipv4/tcp_fastopen.o
  CC      net/ipv6/udp.o
  CC      fs/pstore/pmsg.o
  CC      drivers/gpu/arm/bv_r38p1/mmu/mali_kbase_mmu.o
  CC      fs/pstore/ram.o
  CC      fs/pstore/ram_core.o
  CC      net/ipv4/tcp_rate.o
  CC      drivers/gpu/arm/bv_r38p1/mmu/mali_kbase_mmu_hw_direct.o
  AR      fs/pstore/pstore.o
  AR      fs/pstore/ramoops.o
  AR      fs/pstore/built-in.o
  CC      fs/quota/dquot.o
  CC      net/ipv4/tcp_recovery.o
  CC      drivers/gpu/arm/bv_r38p1/mmu/mali_kbase_mmu_mode_aarch64.o
  CC      net/ipv6/udplite.o
  CC      drivers/gpu/arm/bv_r38p1/mmu/backend/mali_kbase_mmu_jm.o
  CC      net/ipv4/tcp_ulp.o
  CC      net/ipv6/raw.o
  CC      fs/quota/quota_v2.o
  CC      drivers/gpu/arm/bv_r38p1/tl/mali_kbase_timeline.o
  CC      fs/quota/quota_tree.o
  CC      drivers/gpu/arm/bv_r38p1/tl/mali_kbase_timeline_io.o
  CC      drivers/gpu/arm/bv_r38p1/tl/mali_kbase_tlstream.o
  CC      fs/quota/quota.o
  CC      net/ipv4/tcp_offload.o
  CC      net/ipv6/icmp.o
  CC      drivers/gpu/arm/bv_r38p1/tl/mali_kbase_tracepoints.o
  CC      fs/quota/kqid.o
  CC      drivers/gpu/arm/bv_r38p1/tl/backend/mali_kbase_timeline_jm.o
  CC      fs/quota/netlink.o
  CC      net/ipv4/datagram.o
  CC      drivers/gpu/arm/bv_r38p1/gpu/mali_kbase_gpu.o
  AR      fs/quota/built-in.o
  CC      net/ipv6/mcast.o
  CC      drivers/gpu/arm/bv_r38p1/gpu/backend/mali_kbase_gpu_fault_jm.o
  CC      fs/ramfs/inode.o
  CC      drivers/gpu/arm/bv_r38p1/thirdparty/mali_kbase_mmap.o
  CC      fs/ramfs/file-mmu.o
  CC      net/ipv4/raw.o
  AR      fs/ramfs/ramfs.o
  AR      fs/ramfs/built-in.o
  CC      drivers/gpu/arm/bv_r38p1/../exynos/mali_exynos_kbase_entrypoint.o
  CC      fs/sdcardfs/dentry.o
  CC      fs/sdcardfs/file.o
  CC      drivers/gpu/arm/bv_r38p1/../exynos/frontend/gpex_platform.o
  CC      fs/sdcardfs/inode.o
  CC      net/ipv6/reassembly.o
  CC      drivers/gpu/arm/bv_r38p1/../exynos/backend/gpexbe_devicetree.o
  CC      fs/sdcardfs/main.o
  CC      net/ipv4/udp.o
  CC      drivers/gpu/arm/bv_r38p1/../exynos/common/gpex_utils.o
  CC      net/ipv6/tcp_ipv6.o
  CC      drivers/gpu/arm/bv_r38p1/../exynos/frontend/gpex_clock.o
  CC      fs/sdcardfs/super.o
  CC      fs/sdcardfs/lookup.o
  CC      drivers/gpu/arm/bv_r38p1/../exynos/frontend/gpex_clock_sysfs.o
  CC      fs/sdcardfs/mmap.o
  CC      net/ipv6/ping.o
  CC      drivers/gpu/arm/bv_r38p1/../exynos/backend/gpexbe_clock.o
  CC      fs/sdcardfs/packagelist.o
  CC      drivers/gpu/arm/bv_r38p1/../exynos/frontend/gpu_dvfs_governor.o
  CC      net/ipv4/udplite.o
  CC      drivers/gpu/arm/bv_r38p1/../exynos/frontend/gpex_dvfs.o
  CC      net/ipv6/exthdrs.o
  CC      drivers/gpu/arm/bv_r38p1/../exynos/frontend/gpex_dvfs_sysfs.o
  CC      net/ipv4/udp_offload.o
  CC      drivers/gpu/arm/bv_r38p1/../exynos/frontend/gpex_dvfs_external.o
  CC      fs/sdcardfs/derived_perm.o
  AR      fs/sdcardfs/sdcardfs.o
  AR      fs/sdcardfs/built-in.o
  CC      fs/sdfat/sdfat.o
  CC      drivers/gpu/arm/bv_r38p1/../exynos/frontend/dummy/gpex_tsg_dummy.o
  CC      net/ipv6/datagram.o
  CC      net/ipv4/arp.o
  CC      drivers/gpu/arm/bv_r38p1/../exynos/frontend/dummy/gpex_cmar_sched_dummy.o
  CC      drivers/gpu/arm/bv_r38p1/../exynos/backend/gpexbe_smc.o
  CC      drivers/gpu/arm/bv_r38p1/../exynos/backend/dummy/gpexbe_secure_dummy.o
  CC      drivers/gpu/arm/bv_r38p1/../exynos/frontend/gpex_qos.o
  CC      fs/sdfat/core.o
  CC      net/ipv6/ip6_flowlabel.o
  CC      drivers/gpu/arm/bv_r38p1/../exynos/backend/gpexbe_qos.o
  CC      drivers/gpu/arm/bv_r38p1/../exynos/backend/gpexbe_qos_v1.o
  CC      drivers/gpu/arm/bv_r38p1/../exynos/backend/gpexbe_bts_v1.o
  CC      fs/sdfat/core_fat.o
  CC      net/ipv4/icmp.o
  CC      drivers/gpu/arm/bv_r38p1/../exynos/backend/dummy/gpexbe_debug_dummy.o
  CC      drivers/gpu/arm/bv_r38p1/../exynos/backend/gpexbe_dmabuf_v1.o
  CC      fs/sdfat/core_exfat.o
  CC      drivers/gpu/arm/bv_r38p1/../exynos/backend/dummy/gpexbe_llc_coherency_dummy.o
  CC      net/ipv6/inet6_connection_sock.o
  CC      drivers/gpu/arm/bv_r38p1/../exynos/frontend/gpex_thermal.o
  CC      fs/sdfat/api.o
  CC      drivers/gpu/arm/bv_r38p1/../exynos/frontend/dummy/gpex_gts_dummy.o
  CC      net/ipv4/devinet.o
  CC      drivers/gpu/arm/bv_r38p1/../exynos/backend/gpexbe_notifier.o
  CC      fs/sdfat/blkdev.o
  CC      net/ipv6/udp_offload.o
  CC      fs/sdfat/fatent.o
  CC      drivers/gpu/arm/bv_r38p1/../exynos/backend/gpexbe_notifier_v1.o
  CC      drivers/gpu/arm/bv_r38p1/../exynos/backend/gpexbe_pm.o
  CC      fs/sdfat/amap_smart.o
  CC      net/ipv6/sysctl_net_ipv6.o
  CC      drivers/gpu/arm/bv_r38p1/../exynos/frontend/gpex_pm.o
  CC      net/ipv4/af_inet.o
  CC      fs/sdfat/cache.o
  CC      net/ipv6/xfrm6_policy.o
  CC      drivers/gpu/arm/bv_r38p1/../exynos/frontend/dummy/gpex_ifpo_dummy.o
  CC      drivers/gpu/arm/bv_r38p1/../exynos/backend/gpexbe_utilization.o
  CC      fs/sdfat/dfr.o
  CC      drivers/gpu/arm/bv_r38p1/../exynos/backend/gpexbe_mem_usage.o
fs/sdfat/.tmp_dfr.o: no symbols
  CC      fs/sdfat/nls.o
  CC      net/ipv6/xfrm6_state.o
  CC      drivers/gpu/arm/bv_r38p1/../exynos/tests/runtime_test_runner_dummy.o
  CC      drivers/gpu/arm/bv_r38p1/../exynos/workarounds/dummy/gpexwa_wakeup_clock_dummy.o
  CC      drivers/gpu/arm/bv_r38p1/../exynos/frontend/gpex_clboost.o
  CC      fs/sdfat/misc.o
  CC      net/ipv4/igmp.o
  CC      net/ipv6/xfrm6_input.o
  CC      drivers/gpu/arm/bv_r38p1/../exynos/frontend/gpex_cmar_boost.o
  CC      drivers/gpu/arm/bv_r38p1/../exynos/workarounds/gpexwa_ehmp.o
  CC      fs/sdfat/mpage.o
  CC      drivers/gpu/arm/bv_r38p1/../exynos/common/dummy/gpex_debug_dummy.o
  AR      drivers/gpu/arm/bv_r38p1/mali_kbase.o
  AR      drivers/gpu/arm/bv_r38p1/built-in.o
  AR      drivers/gpu/arm/built-in.o
  CC      fs/sdfat/extent.o
  CC      net/ipv6/xfrm6_output.o
  AR      drivers/gpu/drm/bridge/built-in.o
  AR      drivers/gpu/drm/hisilicon/built-in.o
  AR      drivers/gpu/drm/i2c/built-in.o
  AR      drivers/gpu/drm/omapdrm/displays/built-in.o
  AR      drivers/gpu/drm/omapdrm/dss/built-in.o
  AR      drivers/gpu/drm/omapdrm/built-in.o
  CC      net/ipv4/fib_frontend.o
  CC      fs/sdfat/xattr.o
  AR      drivers/gpu/drm/panel/built-in.o
  AR      drivers/gpu/drm/tilcdc/built-in.o
  AR      drivers/gpu/drm/built-in.o
  CC      drivers/gpu/exynos/hdr_tunables.o
  CC      fs/sdfat/statistics.o
  CC      drivers/gpu/exynos/g2d/g2d_drv.o
  AR      fs/sdfat/sdfat_fs.o
  AR      fs/sdfat/built-in.o
  CC      fs/sysfs/file.o
  CC      net/ipv6/xfrm6_protocol.o
  CC      drivers/gpu/exynos/g2d/g2d_task.o
  CC      fs/sysfs/dir.o
  CC      net/ipv4/fib_semantics.o
  CC      drivers/gpu/exynos/g2d/g2d_regs.o
  CC      fs/sysfs/symlink.o
  CC      drivers/gpu/exynos/g2d/g2d_uapi_process.o
  CC      net/ipv6/netfilter.o
  CC      drivers/gpu/exynos/g2d/g2d_command.o
  CC      fs/sysfs/mount.o
  CC      fs/sysfs/group.o
  CC      net/ipv4/fib_trie.o
  CC      drivers/gpu/exynos/g2d/g2d_fence.o
  CC      net/ipv6/fib6_rules.o
  AR      fs/sysfs/built-in.o
  CC      fs/eventpoll.o
  CC      drivers/gpu/exynos/g2d/g2d_debug.o
  CC      net/ipv6/proc.o
  CC      drivers/gpu/exynos/g2d/g2d_perf.o
  CC      fs/anon_inodes.o
  AR      drivers/gpu/exynos/g2d/built-in.o
  AR      drivers/gpu/exynos/built-in.o
  CC      drivers/gpu/vga/vgaarb.o
  CC      fs/signalfd.o
  CC      net/ipv6/ah6.o
  CC      net/ipv4/inet_fragment.o
  CC      fs/timerfd.o
  AR      drivers/gpu/vga/built-in.o
  AR      drivers/gpu/built-in.o
  CC      net/ipv6/esp6.o
  CC      drivers/gud/gud-exynos9810/MobiCoreDriver/admin.o
  CC      fs/eventfd.o
  CC      drivers/gud/gud-exynos9810/MobiCoreDriver/client.o
  CC      net/ipv6/ipcomp6.o
  CC      fs/aio.o
  CC      net/ipv4/ping.o
  CC      drivers/gud/gud-exynos9810/MobiCoreDriver/clientlib.o
  CC      net/ipv6/xfrm6_tunnel.o
  CC      drivers/gud/gud-exynos9810/MobiCoreDriver/clock.o
drivers/gud/gud-exynos9810/MobiCoreDriver/.tmp_clock.o: no symbols
  CC      drivers/gud/gud-exynos9810/MobiCoreDriver/fastcall.o
  CC      fs/locks.o
  CC      drivers/gud/gud-exynos9810/MobiCoreDriver/iwp.o
  CC      net/ipv4/ip_tunnel_core.o
  CC      drivers/gud/gud-exynos9810/MobiCoreDriver/logging.o
  CC      net/ipv6/tunnel6.o
  CC      drivers/gud/gud-exynos9810/MobiCoreDriver/main.o
  CC      drivers/gud/gud-exynos9810/MobiCoreDriver/mcp.o
  CC      fs/compat.o
  CC      net/ipv4/gre_offload.o
  CC      drivers/gud/gud-exynos9810/MobiCoreDriver/mmu.o
  CC      net/ipv6/xfrm6_mode_transport.o
  CC      drivers/gud/gud-exynos9810/MobiCoreDriver/nq.o
  CC      fs/compat_ioctl.o
  CC      net/ipv4/ip_tunnel.o
  CC      drivers/gud/gud-exynos9810/MobiCoreDriver/pm.o
drivers/gud/gud-exynos9810/MobiCoreDriver/.tmp_pm.o: no symbols
  CC      net/ipv6/xfrm6_mode_tunnel.o
  CC      drivers/gud/gud-exynos9810/MobiCoreDriver/scheduler.o
  CC      drivers/gud/gud-exynos9810/MobiCoreDriver/session.o
  CC      fs/binfmt_script.o
  CC      net/ipv6/xfrm6_mode_beet.o
  CC      fs/binfmt_elf.o
  CC      drivers/gud/gud-exynos9810/MobiCoreDriver/teeclientapi.o
  CC      net/ipv6/mip6.o
  CC      net/ipv4/sysctl_net_ipv4.o
  CC      drivers/gud/gud-exynos9810/MobiCoreDriver/user.o
  CC      fs/compat_binfmt_elf.o
  AR      drivers/gud/gud-exynos9810/MobiCoreDriver/mcDrvModule.o
  AR      drivers/gud/gud-exynos9810/MobiCoreDriver/built-in.o
  CC      drivers/gud/gud-exynos9810/TlcTui/main.o
  CC      net/ipv4/proc.o
  CC      net/ipv6/netfilter/ip6_tables.o
  CC      fs/mbcache.o
  CC      drivers/gud/gud-exynos9810/TlcTui/tlcTui.o
  CC      drivers/gud/gud-exynos9810/TlcTui/trustedui.o
  CC      net/ipv4/fib_rules.o
  CC      fs/posix_acl.o
  CC      drivers/gud/gud-exynos9810/TlcTui/platforms/exynos9810/tui-hal.o
  CC      fs/coredump.o
  CC      net/ipv6/netfilter/ip6table_filter.o
  AR      drivers/gud/gud-exynos9810/TlcTui/TlcTui.o
  AR      drivers/gud/gud-exynos9810/TlcTui/built-in.o
  AR      drivers/gud/gud-exynos9810/built-in.o
  AR      drivers/gud/built-in.o
  CC      net/ipv4/gre_demux.o
  CC      drivers/hid/hid-core.o
  CC      net/ipv6/netfilter/ip6table_mangle.o
  CC      fs/drop_caches.o
  AR      fs/built-in.o
  CC      net/ipv6/netfilter/ip6table_raw.o
  CC      drivers/hid/hid-input.o
  CC      net/ipv4/udp_tunnel.o
  CC      lib/lockref.o
  CC      lib/bcd.o
  CC      lib/div64.o
  CC      net/ipv6/netfilter/ip6table_nat.o
  CC      lib/sort.o
  CC      lib/parser.o
  CC      drivers/hid/hid-debug.o
  CC      lib/halfmd4.o
  CC      lib/debug_locks.o
  CC      net/ipv6/netfilter/nf_conntrack_l3proto_ipv6.o
  CC      net/ipv4/ip_vti.o
  CC      lib/random32.o
  CC      drivers/hid/hidraw.o
  CC      lib/bust_spinlocks.o
  CC      net/ipv6/netfilter/nf_conntrack_proto_icmpv6.o
  CC      net/ipv4/esp4.o
  CC      lib/kasprintf.o
  CC      drivers/hid/uhid.o
  CC      lib/bitmap.o
  CC      net/ipv6/netfilter/nf_nat_l3proto_ipv6.o
  CC      net/ipv4/tunnel4.o
  CC      lib/scatterlist.o
  CC      drivers/hid/hid-generic.o
  CC      drivers/hid/hid-a4tech.o
  CC      lib/gcd.o
  CC      drivers/hid/hid-axff.o
  CC      lib/lcm.o
  CC      lib/list_sort.o
  CC      net/ipv6/netfilter/nf_nat_proto_icmpv6.o
  CC      net/ipv4/xfrm4_mode_transport.o
  CC      lib/uuid.o
  CC      drivers/hid/hid-apple.o
  CC      lib/flex_array.o
  CC      drivers/hid/hid-belkin.o
  CC      lib/iov_iter.o
  CC      net/ipv6/netfilter/nf_defrag_ipv6_hooks.o
  CC      net/ipv4/xfrm4_mode_tunnel.o
  CC      drivers/hid/hid-cherry.o
  CC      drivers/hid/hid-chicony.o
  CC      drivers/hid/hid-cypress.o
  CC      net/ipv4/ipconfig.o
  CC      lib/clz_ctz.o
  CC      drivers/hid/hid-dr.o
  CC      lib/bsearch.o
  CC      net/ipv6/netfilter/nf_conntrack_reasm.o
  CC      drivers/hid/hid-emsff.o
  CC      lib/find_bit.o
  CC      net/ipv4/netfilter.o
  CC      drivers/hid/hid-elecom.o
  CC      lib/llist.o
  CC      lib/memweight.o
  CC      drivers/hid/hid-ezkey.o
  CC      lib/kfifo.o
  CC      drivers/hid/hid-gyration.o
  CC      net/ipv6/netfilter/nf_log_ipv6.o
  CC      drivers/hid/hid-holtek-kbd.o
  CC      lib/percpu-refcount.o
  CC      drivers/hid/hid-holtek-mouse.o
  CC      net/ipv4/netfilter/nf_conntrack_l3proto_ipv4.o
  CC      lib/percpu_ida.o
  CC      net/ipv6/netfilter/nf_reject_ipv6.o
  CC      drivers/hid/hid-holtekff.o
  CC      lib/rhashtable.o
  CC      drivers/hid/hid-kensington.o
  CC      net/ipv4/netfilter/nf_conntrack_proto_icmp.o
  CC      drivers/hid/hid-keytouch.o
  CC      drivers/hid/hid-kye.o
  CC      net/ipv6/netfilter/ip6t_rpfilter.o
  CC      net/ipv4/netfilter/nf_nat_l3proto_ipv4.o
  CC      lib/reciprocal_div.o
  CC      drivers/hid/hid-lcpower.o
  CC      lib/once.o
  CC      drivers/hid/hid-lg.o
  CC      lib/refcount.o
  CC      net/ipv6/netfilter/ip6t_REJECT.o
  CC      lib/string_helpers.o
  CC      drivers/hid/hid-lgff.o
  CC      drivers/hid/hid-lg2ff.o
  AR      net/ipv6/netfilter/nf_conntrack_ipv6.o
  CC      net/ipv4/netfilter/nf_nat_proto_icmp.o
  AR      net/ipv6/netfilter/nf_nat_ipv6.o
  AR      net/ipv6/netfilter/nf_defrag_ipv6.o
  AR      net/ipv6/netfilter/built-in.o
  CC      net/ipv6/ip6_vti.o
  CC      lib/hexdump.o
  CC      lib/kstrtox.o
  CC      drivers/hid/hid-lg3ff.o
  CC      drivers/hid/hid-lg4ff.o
  CC      lib/pci_iomap.o
  CC      net/ipv4/netfilter/nf_defrag_ipv4.o
  CC      net/ipv6/sit.o
  CC      drivers/hid/hid-logitech-dj.o
  CC      lib/iomap_copy.o
  CC      lib/devres.o
  CC      drivers/hid/hid-logitech-hidpp.o
  CC      net/ipv4/netfilter/nf_log_ipv4.o
  CC      net/ipv6/ip6_tunnel.o
  CC      lib/hweight.o
  CC      drivers/hid/hid-magicmouse.o
  CC      lib/assoc_array.o
  CC      net/ipv4/netfilter/nf_reject_ipv4.o
  CC      drivers/hid/hid-microsoft.o
  CC      lib/list_debug.o
  CC      drivers/hid/hid-monterey.o
  CC      lib/bitrev.o
lib/.tmp_bitrev.o: no symbols
  CC      lib/rational.o
  CC      lib/crc16.o
  CC      drivers/hid/hid-multitouch.o
  HOSTCC  lib/gen_crc32table
  CC      lib/libcrc32c.o
  CC      drivers/hid/hid-ntrig.o
  CC      net/ipv4/netfilter/nf_nat_h323.o
  CC      net/ipv6/addrconf_core.o
  CC      lib/genalloc.o
  CC      drivers/hid/hid-ortek.o
  CC      drivers/hid/hid-prodikeys.o
  CC      net/ipv4/netfilter/nf_nat_pptp.o
  CC      lib/crypto/blake2s.o
  CC      drivers/hid/hid-pl.o
  CC      net/ipv6/exthdrs_core.o
  CC      lib/crypto/blake2s-generic.o
  CC      drivers/hid/hid-petalynx.o
  CC      net/ipv4/netfilter/nf_nat_masquerade_ipv4.o
  CC      drivers/hid/hid-picolcd_core.o
  CC      lib/crypto/blake2s-selftest.o
  AR      lib/crypto/libblake2s.o
  AR      lib/crypto/built-in.o
  CC      lib/lz4/lz4_compress.o
  CC      drivers/hid/hid-picolcd_debugfs.o
  CC      net/ipv6/ip6_checksum.o
  CC      net/ipv4/netfilter/nf_nat_proto_gre.o
  CC      drivers/hid/hid-primax.o
  CC      lib/lz4/lz4_decompress.o
  CC      drivers/hid/hid-roccat.o
  CC      net/ipv6/ip6_icmp.o
  CC      drivers/hid/hid-roccat-common.o
  CC      lib/lz4/lz4armv8/lz4accel.o
  CC      net/ipv4/netfilter/ip_tables.o
  AS      lib/lz4/lz4armv8/lz4armv8.o
  AR      lib/lz4/built-in.o
  CC      lib/lzo/lzo1x_compress.o
  CC      drivers/hid/hid-roccat-arvo.o
  CC      lib/lzo/lzo1x_decompress_safe.o
  CC      drivers/hid/hid-roccat-isku.o
  CC      net/ipv6/output_core.o
  AR      lib/lzo/lzo_compress.o
  AR      lib/lzo/lzo_decompress.o
  AR      lib/lzo/built-in.o
  CC      drivers/hid/hid-roccat-kone.o
  CC      lib/mpi/generic_mpih-lshift.o
  CC      lib/mpi/generic_mpih-mul1.o
  CC      net/ipv4/netfilter/iptable_filter.o
  CC      drivers/hid/hid-roccat-koneplus.o
  CC      lib/mpi/generic_mpih-mul2.o
  CC      drivers/hid/hid-roccat-konepure.o
  CC      net/ipv6/protocol.o
  CC      lib/mpi/generic_mpih-mul3.o
  CC      net/ipv4/netfilter/iptable_mangle.o
  CC      drivers/hid/hid-roccat-kovaplus.o
  CC      lib/mpi/generic_mpih-rshift.o
  CC      lib/mpi/generic_mpih-sub1.o
  CC      drivers/hid/hid-roccat-lua.o
  CC      net/ipv4/netfilter/iptable_nat.o
  CC      lib/mpi/generic_mpih-add1.o
  CC      drivers/hid/hid-roccat-pyra.o
  CC      net/ipv6/ip6_offload.o
  CC      lib/mpi/mpicoder.o
  CC      drivers/hid/hid-roccat-ryos.o
  CC      net/ipv4/netfilter/iptable_raw.o
  CC      lib/mpi/mpi-bit.o
  CC      drivers/hid/hid-roccat-savu.o
  CC      net/ipv6/tcpv6_offload.o
  CC      drivers/hid/hid-saitek.o
  CC      net/ipv4/netfilter/iptable_security.o
  CC      lib/mpi/mpi-cmp.o
  CC      drivers/hid/hid-ovr.o
  CC      net/ipv6/exthdrs_offload.o
  CC      lib/mpi/mpih-cmp.o
  CC      net/ipv4/netfilter/ipt_ah.o
  CC      lib/mpi/mpih-div.o
  CC      net/ipv6/inet6_hashtables.o
  CC      drivers/hid/hid-tvr.o
  CC      lib/mpi/mpih-mul.o
  CC      net/ipv4/netfilter/ipt_rpfilter.o
  CC      drivers/hid/hid-samsung.o
  CC      lib/mpi/mpi-pow.o
  CC      net/ipv4/netfilter/ipt_MASQUERADE.o
  CC      drivers/hid/hid-sjoy.o
  CC      lib/mpi/mpiutil.o
  CC      drivers/hid/hid-sony.o
  CC      net/ipv6/ip6_udp_tunnel.o
  CC      net/ipv4/netfilter/ipt_REJECT.o
  AR      lib/mpi/mpi.o
  AR      lib/mpi/built-in.o
  CC      lib/reed_solomon/reed_solomon.o
  CC      drivers/hid/hid-speedlink.o
  CC      drivers/hid/hid-sunplus.o
  CC      net/ipv4/netfilter/arp_tables.o
  AR      lib/reed_solomon/built-in.o
  CC      lib/xz/xz_dec_syms.o
  CC      net/ipv6/mcast_snoop.o
  CC      drivers/hid/hid-gaff.o
  CC      lib/xz/xz_dec_stream.o
  CC      drivers/hid/hid-tmff.o
  CC      lib/xz/xz_dec_lzma2.o
  CC      drivers/hid/hid-tivo.o
  CC      lib/xz/xz_dec_bcj.o
  CC      drivers/hid/hid-topseed.o
  AR      net/ipv6/ipv6.o
  AR      net/ipv6/built-in.o
  CC      net/ipv4/netfilter/arpt_mangle.o
  AR      lib/xz/xz_dec.o
  AR      lib/xz/built-in.o
  AR      virt/lib/built-in.o
  AR      virt/built-in.o
  CC      drivers/hid/hid-twinhan.o
  CC      lib/zlib_deflate/deflate.o
  CC      drivers/hwmon/hwmon.o
  CC      drivers/hid/hid-uclogic.o
  CC      lib/zlib_deflate/deftree.o
  CC      net/ipv4/netfilter/arptable_filter.o
  CC      lib/zlib_deflate/deflate_syms.o
  CC      drivers/hid/hid-zpff.o
  CC      drivers/hwmon/sec_thermistor.o
  AR      lib/zlib_deflate/zlib_deflate.o
  CC      drivers/hid/hid-zydacron.o
  AR      net/ipv4/netfilter/nf_conntrack_ipv4.o
  AR      lib/zlib_deflate/built-in.o
  AR      net/ipv4/netfilter/nf_nat_ipv4.o
  AR      net/ipv4/netfilter/built-in.o
  CC      lib/zlib_inflate/inffast.o
  CC      net/ipv4/inet_diag.o
  AR      drivers/hwmon/built-in.o
  CC      lib/zlib_inflate/inflate.o
  AR      drivers/hwtracing/intel_th/built-in.o
  CC      net/key/af_key.o
  CC      drivers/hid/hid-synaptics-bt.o
  CC      lib/zlib_inflate/infutil.o
  CC      drivers/hid/wacom_wac.o
  CC      lib/zlib_inflate/inftrees.o
  CC      lib/zlib_inflate/inflate_syms.o
  AR      lib/zlib_inflate/zlib_inflate.o
  AR      lib/zlib_inflate/built-in.o
  CC      lib/textsearch.o
  AR      net/key/built-in.o
  CC      lib/ts_kmp.o
  CC      drivers/hid/wacom_sys.o
  CC      net/ipv4/tcp_diag.o
  CC      drivers/i2c/i2c-boardinfo.o
  CC      lib/ts_bm.o
  CC      lib/ts_fsm.o
  CC      net/ipv4/udp_diag.o
  CC      drivers/i2c/i2c-core.o
  CC      drivers/hid/hid-waltop.o
  CC      lib/percpu_counter.o
  CC      drivers/hid/hid-wiimote-core.o
  CC      net/ipv4/tcp_cubic.o
  CC      lib/audit.o
  CC      drivers/hid/hid-wiimote-modules.o
  CC      lib/compat_audit.o
  CC      drivers/i2c/i2c-dev.o
  CC      lib/swiotlb.o
  CC      net/ipv4/tcp_westwood.o
  CC      drivers/hid/hid-wiimote-debug.o
  CC      drivers/i2c/i2c-mux.o
  CC      drivers/hid/hid-madcatz.o
  CC      lib/iommu-helper.o
  CC      lib/iommu-common.o
  AR      drivers/i2c/algos/built-in.o
  CC      net/ipv4/xfrm4_policy.o
  CC      drivers/i2c/busses/i2c-exynos5.o
  CC      drivers/hid/usbhid/hid-core.o
  CC      lib/syscall.o
  CC      drivers/i2c/busses/i2c-speedy.o
  CC      net/ipv4/xfrm4_state.o
  CC      lib/nlattr.o
  AR      drivers/i2c/busses/built-in.o
  CC      drivers/hid/usbhid/hid-quirks.o
  AR      drivers/i2c/muxes/built-in.o
  AR      drivers/i2c/built-in.o
  AR      drivers/idle/built-in.o
  CC      lib/checksum.o
  CC      net/l2tp/l2tp_core.o
  CC      drivers/hid/usbhid/hiddev.o
  CC      net/ipv4/xfrm4_input.o
  CC      lib/cpu_rmap.o
  CC      lib/dynamic_queue_limits.o
  CC      lib/digsig.o
  AR      drivers/hid/usbhid/usbhid.o
  AR      drivers/hid/usbhid/built-in.o
  AR      drivers/hid/hid.o
  AR      drivers/hid/hid-logitech.o
  AR      drivers/hid/hid-picolcd.o
  AR      drivers/hid/wacom.o
  AR      drivers/hid/hid-wiimote.o
  AR      drivers/hid/built-in.o
  CC      net/ipv4/xfrm4_output.o
  CC      drivers/iio/industrialio-core.o
  CC      lib/strncpy_from_user.o
  AR      net/l2tp/built-in.o
  CC      lib/strnlen_user.o
  CC      net/mac80211/main.o
  CC      drivers/iio/industrialio-event.o
  CC      lib/net_utils.o
  CC      net/ipv4/xfrm4_protocol.o
  CC      drivers/iio/inkern.o
  CC      lib/sg_pool.o
  CC      lib/asn1_decoder.o
  CC      net/mac80211/status.o
  CC      drivers/iio/industrialio-buffer.o
  AR      net/ipv4/gre.o
  AR      net/ipv4/built-in.o
  GEN     lib/oid_registry_data.c
  CC      lib/ucs2_string.o
  CC      drivers/input/input.o
  CC      lib/sbitmap.o
  CC      drivers/iio/industrialio-trigger.o
  CC      lib/argv_split.o
  CC      drivers/input/input-compat.o
  CC      net/mac80211/driver-ops.o
  CC      lib/bug.o
  AR      drivers/iio/accel/built-in.o
  CC      drivers/iio/adc/exynos_adc.o
  CC      lib/chacha.o
  CC      drivers/input/input-mt.o
  AR      drivers/iio/adc/built-in.o
  AR      drivers/iio/amplifiers/built-in.o
  CC      drivers/iio/buffer/kfifo_buf.o
  CC      lib/clz_tab.o
  CC      net/mac80211/sta_info.o
  CC      lib/cmdline.o
  CC      lib/cpumask.o
  CC      drivers/input/ff-core.o
  CC      lib/ctype.o
  AR      drivers/iio/buffer/built-in.o
  CC      lib/dec_and_lock.o
  AR      drivers/iio/chemical/built-in.o
  AR      drivers/iio/common/hid-sensors/built-in.o
  CC      lib/decompress.o
  AR      drivers/iio/common/ms_sensors/built-in.o
  CC      drivers/input/sec_cmd.o
  AR      drivers/iio/common/ssp_sensors/built-in.o
  CC      lib/decompress_inflate.o
  AR      drivers/iio/common/st_sensors/built-in.o
  AR      drivers/iio/common/built-in.o
  AR      drivers/iio/dac/built-in.o
  AR      drivers/iio/dummy/built-in.o
  AR      drivers/iio/frequency/built-in.o
  AR      drivers/iio/gyro/built-in.o
  AR      drivers/iio/health/built-in.o
  CC      lib/decompress_unlz4.o
  AR      drivers/iio/humidity/built-in.o
  CC      drivers/input/ff-memless.o
  AR      drivers/iio/imu/bmi160/built-in.o
  AR      drivers/iio/imu/inv_mpu6050/built-in.o
  AR      drivers/iio/imu/built-in.o
  AR      drivers/iio/light/built-in.o
  AR      drivers/iio/magnetometer/built-in.o
  CC      lib/dma-noop.o
  AR      drivers/iio/orientation/built-in.o
  AR      drivers/iio/potentiometer/built-in.o
  AR      drivers/iio/pressure/built-in.o
  AR      drivers/iio/proximity/built-in.o
  AR      drivers/iio/temperature/built-in.o
  AR      drivers/iio/trigger/built-in.o
  AR      drivers/iio/industrialio.o
  AR      drivers/iio/built-in.o
  CC      drivers/input/serio/serio.o
  CC      drivers/input/input-leds.o
  CC      lib/dump_stack.o
  CC      net/mac80211/wep.o
  CC      drivers/input/evdev.o
  CC      lib/earlycpio.o
  CC      drivers/input/serio/libps2.o
  CC      lib/extable.o
  CC      lib/fdt.o
  CC      net/mac80211/wpa.o
  CC      lib/fdt_empty_tree.o
  CC      drivers/input/input_booster.o
  CC      lib/fdt_ro.o
  AR      drivers/input/serio/built-in.o
  CC      net/ncm/ncm.o
  CC      lib/fdt_rw.o
  CC      lib/fdt_strerror.o
  CC      lib/fdt_sw.o
  CC      lib/fdt_wip.o
  CC      lib/flex_proportions.o
  CC      drivers/input/input_booster_lsi.o
  CC      lib/idr.o
  CC      net/mac80211/scan.o
  CC      drivers/input/joystick/xpad.o
  CC      lib/int_sqrt.o
  AR      net/ncm/built-in.o
  AR      drivers/input/joystick/built-in.o
  CC      drivers/input/keyboard/atkbd.o
  CC      lib/ioremap.o
  CC      drivers/iommu/iommu.o
  CC      drivers/input/keyboard/gpio_keys.o
  CC      lib/irq_regs.o
  CC      lib/is_single_threaded.o
  CC      drivers/iommu/iommu-traces.o
  CC      lib/klist.o
  CC      net/mac80211/offchannel.o
drivers/iommu/.tmp_iommu-traces.o: no symbols
  CC      drivers/iommu/iommu-sysfs.o
  AR      drivers/input/keyboard/built-in.o
  CC      lib/kobject.o
  CC      drivers/input/misc/cm109.o
  CC      drivers/iommu/dma-iommu.o
  CC      drivers/input/misc/gpio_event.o
  CC      lib/kobject_uevent.o
  CC      drivers/input/misc/gpio_matrix.o
  CC      net/mac80211/ht.o
  CC      drivers/iommu/iova.o
  CC      drivers/input/misc/gpio_input.o
  CC      drivers/input/misc/gpio_output.o
  CC      lib/md5.o
  CC      lib/nmi_backtrace.o
  CC      drivers/iommu/of_iommu.o
  CC      drivers/input/misc/gpio_axis.o
In file included from /home/runner/work/Void-Kernal-/Void-Kernal-/kernel/lib/nmi_backtrace.c:18:
/home/runner/work/Void-Kernal-/Void-Kernal-/kernel/include/linux/nmi.h:111:49: warning: omitting the parameter name in a function definition is a C2x extension [-Wc2x-extensions]
static inline void sl_softirq_entry(const char *, void *) { }
                                                ^
/home/runner/work/Void-Kernal-/Void-Kernal-/kernel/include/linux/nmi.h:111:57: warning: omitting the parameter name in a function definition is a C2x extension [-Wc2x-extensions]
static inline void sl_softirq_entry(const char *, void *) { }
                                                        ^
2 warnings generated.
lib/.tmp_nmi_backtrace.o: no symbols
  CC      lib/nodemask.o
  CC      drivers/input/misc/uinput.o
  CC      net/mac80211/agg-tx.o
  CC      lib/plist.o
  CC      drivers/iommu/exynos-iovmm.o
  CC      lib/radix-tree.o
  AR      drivers/input/misc/built-in.o
  CC      drivers/input/tablet/acecad.o
  CC      drivers/iommu/exynos-iommu.o
  CC      drivers/input/tablet/aiptek.o
  CC      lib/ratelimit.o
  CC      lib/rbtree.o
  CC      drivers/input/tablet/gtco.o
  CC      net/mac80211/agg-rx.o
  CC      lib/seq_buf.o
  CC      drivers/input/tablet/hanwang.o
  CC      drivers/iommu/exynos-iommu-log.o
  CC      lib/sha1.o
  CC      lib/show_mem.o
  CC      drivers/input/tablet/kbtab.o
  CC      drivers/iommu/exynos-pcie-iommu.o
  CC      lib/siphash.o
  AR      drivers/input/tablet/built-in.o
  CC      drivers/input/touchscreen/of_touchscreen.o
  CC      lib/string.o
  CC      net/mac80211/vht.o
  AR      drivers/input/touchscreen/built-in.o
  CC      lib/timerqueue.o
  CC      drivers/input/keyreset.o
  AR      drivers/iommu/built-in.o
  CC      drivers/input/keycombo.o
  CC      lib/vsprintf.o
  CC      drivers/input/hall.o
  CC      net/netfilter/core.o
  CC      net/mac80211/ibss.o
  CC      drivers/input/certify_hall.o
  AR      drivers/input/input-core.o
  AR      drivers/input/built-in.o
  CC      drivers/irqchip/irqchip.o
  CC      drivers/irqchip/exynos-combiner.o
  CC      lib/win_minmax.o
  CC      net/netfilter/nf_log.o
  CC      net/mac80211/iface.o
  CC      drivers/irqchip/irq-madera.o
  GEN     lib/crc32table.h
  CC      lib/oid_registry.o
  AR      lib/lib.a
  CC      lib/crc32.o
  CC      drivers/irqchip/irq-gic.o
  CC      net/mac80211/rate.o
  CC      net/netfilter/nf_queue.o
  EXPORTS lib/lib-ksyms.o
  CC      drivers/irqchip/irq-gic-common.o
  CC      drivers/irqchip/irq-gic-v2m.o
lib/nmi_backtrace.o: no symbols
  AR      lib/built-in.o
  CC      drivers/irqchip/irq-gic-v3-its.o
  CC      net/netfilter/nf_sockopt.o
  CC      net/mac80211/michael.o
  CC      net/netfilter/nfnetlink.o
  CC      net/mac80211/tkip.o
  CC      drivers/irqchip/irq-gic-v3-its-pci-msi.o
  CC      net/netfilter/nfnetlink_queue.o
  CC      drivers/irqchip/irq-gic-v3-its-platform-msi.o
  CC      net/netlink/af_netlink.o
  AR      drivers/irqchip/built-in.o
  CC      drivers/kperfmon/ologk.o
drivers/kperfmon/.tmp_ologk.o: no symbols
  AR      drivers/kperfmon/built-in.o
  CC      net/netfilter/nfnetlink_log.o
  CC      net/mac80211/aes_ccm.o
  CC      drivers/leds/led-core.o
  CC      drivers/leds/led-class.o
  CC      net/mac80211/aes_gcm.o
  CC      drivers/leds/led-triggers.o
  CC      net/netfilter/nf_conntrack_core.o
  CC      net/netlink/genetlink.o
  CC      net/mac80211/aes_cmac.o
  CC      drivers/leds/leds-max77705-rgb.o
  CC      drivers/leds/leds-s2mpb02.o
  CC      net/mac80211/aes_gmac.o
  AR      drivers/leds/trigger/built-in.o
  AR      drivers/leds/built-in.o
  AR      net/netlink/built-in.o
  AR      drivers/lguest/built-in.o
  CC      net/netfilter/nf_conntrack_standalone.o
  AR      drivers/macintosh/built-in.o
  CC      net/mac80211/cfg.o
  CC      drivers/md/dm-uevent.o
  CC      drivers/md/dm.o
  CC      net/mac80211/ethtool.o
  CC      drivers/md/dm-table.o
  CC      net/netfilter/nf_conntrack_expect.o
  CC      net/mac80211/rx.o
  AR      drivers/media/common/b2c2/built-in.o
  AR      drivers/media/common/saa7146/built-in.o
  AR      drivers/media/common/siano/built-in.o
  AR      drivers/media/common/v4l2-tpg/built-in.o
  AR      drivers/media/common/built-in.o
  AR      drivers/media/firewire/built-in.o
  CC      drivers/md/dm-target.o
  AR      drivers/media/i2c/soc_camera/built-in.o
  AR      drivers/media/i2c/built-in.o
  AR      drivers/media/mmc/siano/built-in.o
  AR      drivers/media/mmc/built-in.o
  CC      net/netfilter/nf_conntrack_helper.o
  AR      drivers/media/pci/b2c2/built-in.o
  AR      drivers/media/pci/ddbridge/built-in.o
  AR      drivers/media/pci/dm1105/built-in.o
  AR      drivers/media/pci/mantis/built-in.o
  AR      drivers/media/pci/netup_unidvb/built-in.o
  AR      drivers/media/pci/ngene/built-in.o
  AR      drivers/media/pci/pluto2/built-in.o
  AR      drivers/media/pci/pt1/built-in.o
  AR      drivers/media/pci/pt3/built-in.o
  AR      drivers/media/pci/saa7146/built-in.o
  AR      drivers/media/pci/smipcie/built-in.o
  CC      drivers/md/dm-linear.o
  AR      drivers/media/pci/ttpci/built-in.o
  AR      drivers/media/pci/built-in.o
  CC      drivers/media/platform/exynos/astc/astc-exynos9810-workaround.o
  CC      net/mac80211/spectmgmt.o
  CC      drivers/media/platform/exynos/astc/astc-core.o
  CC      drivers/md/dm-stripe.o
  CC      net/netfilter/nf_conntrack_proto.o
  CC      drivers/md/dm-ioctl.o
  CC      drivers/media/platform/exynos/astc/astc-helper.o
  CC      net/mac80211/tx.o
  AR      drivers/media/platform/exynos/astc/built-in.o
  CC      drivers/media/platform/exynos/fimc-is2/fimc-is-device-csi_v4.o
  CC      drivers/md/dm-io.o
  CC      net/netfilter/nf_conntrack_l3proto_generic.o
  CC      drivers/media/platform/exynos/fimc-is2/fimc-is-core.o
  CC      drivers/md/dm-kcopyd.o
  CC      drivers/media/platform/exynos/fimc-is2/fimc-is-spi.o
  CC      net/netfilter/nf_conntrack_proto_generic.o
  CC      net/mac80211/key.o
  CC      drivers/md/dm-sysfs.o
  CC      drivers/media/platform/exynos/fimc-is2/fimc-is-debug.o
  CC      net/netfilter/nf_conntrack_proto_tcp.o
  CC      drivers/md/dm-stats.o
  CC      drivers/media/platform/exynos/fimc-is2/fimc-is-mem.o
  CC      drivers/md/dm-rq.o
  CC      drivers/media/platform/exynos/fimc-is2/fimc-is-pipe.o
drivers/media/platform/exynos/fimc-is2/.tmp_fimc-is-pipe.o: no symbols
  CC      drivers/media/platform/exynos/fimc-is2/fimc-is-framemgr.o
  CC      net/mac80211/util.o
  CC      net/netfilter/nf_conntrack_proto_udp.o
  CC      drivers/media/platform/exynos/fimc-is2/fimc-is-groupmgr.o
  CC      drivers/md/dm-builtin.o
  CC      drivers/media/platform/exynos/fimc-is2/fimc-is-resourcemgr.o
  CC      drivers/md/dm-bufio.o
  CC      net/netfilter/nf_conntrack_extend.o
  CC      net/mac80211/wme.o
  CC      drivers/media/platform/exynos/fimc-is2/fimc-is-devicemgr.o
  CC      drivers/md/dm-crypt.o
  CC      drivers/media/platform/exynos/fimc-is2/fimc-is-video.o
  CC      net/mac80211/chan.o
  CC      net/netfilter/nf_conntrack_acct.o
  CC      drivers/md/dm-snap.o
  CC      drivers/media/platform/exynos/fimc-is2/fimc-is-video-sensor.o
  CC      drivers/media/platform/exynos/fimc-is2/fimc-is-video-3aa.o
  CC      net/netfilter/nf_conntrack_seqadj.o
  CC      drivers/md/dm-exception-store.o
  CC      drivers/media/platform/exynos/fimc-is2/fimc-is-video-3aac.o
  CC      net/mac80211/trace.o
  CC      drivers/media/platform/exynos/fimc-is2/fimc-is-video-3aap.o
  CC      drivers/md/dm-snap-transient.o
net/mac80211/.tmp_trace.o: no symbols
  CC      net/mac80211/mlme.o
  CC      net/netfilter/nf_conntrack_ecache.o
  CC      drivers/media/platform/exynos/fimc-is2/fimc-is-video-isp.o
  CC      drivers/md/dm-snap-persistent.o
  CC      drivers/md/dm-verity-fec.o
  CC      drivers/media/platform/exynos/fimc-is2/fimc-is-video-ispc.o
  CC      drivers/media/platform/exynos/fimc-is2/fimc-is-video-ispp.o
  CC      drivers/md/dm-verity-target.o
  CC      net/netfilter/nf_conntrack_labels.o
  CC      drivers/media/platform/exynos/fimc-is2/fimc-is-video-dis.o
  CC      net/mac80211/tdls.o
  CC      drivers/media/platform/exynos/fimc-is2/fimc-is-video-disc.o
  CC      drivers/md/dm-verity-debug.o
  CC      net/netfilter/nf_conntrack_proto_dccp.o
  CC      drivers/md/alta_bigdata.o
  CC      drivers/media/platform/exynos/fimc-is2/fimc-is-video-dcp.o
  CC      drivers/md/dm-bow.o
  CC      drivers/media/platform/exynos/fimc-is2/fimc-is-video-dcps.o
  CC      net/netfilter/nf_conntrack_proto_gre.o
  CC      net/mac80211/ocb.o
  CC      drivers/media/platform/exynos/fimc-is2/fimc-is-video-dcpc.o
  AR      drivers/md/dm-mod.o
  AR      drivers/md/dm-snapshot.o
  AR      drivers/md/dm-verity.o
  AR      drivers/md/built-in.o
  CC      net/packet/af_packet.o
  CC      drivers/media/platform/exynos/fimc-is2/fimc-is-video-mcs.o
  CC      net/mac80211/pm.o
  CC      net/netfilter/nf_conntrack_proto_sctp.o
  CC      drivers/media/platform/exynos/fimc-is2/fimc-is-video-mcsp.o
  CC      drivers/media/platform/exynos/fimc-is2/fimc-is-video-vra.o
  CC      net/netfilter/nf_conntrack_proto_udplite.o
  AR      net/mac80211/mac80211.o
  AR      net/mac80211/built-in.o
  CC      drivers/media/platform/exynos/fimc-is2/fimc-is-video-ssvc0.o
  CC      net/phonet/pn_dev.o
  AR      net/packet/built-in.o
  CC      net/rfkill/core.o
  CC      net/netfilter/nf_conntrack_netlink.o
  CC      drivers/media/platform/exynos/fimc-is2/fimc-is-video-ssvc1.o
  CC      net/phonet/pn_netlink.o
  AR      net/rfkill/rfkill.o
  AR      net/rfkill/built-in.o
  CC      net/sched/sch_generic.o
  CC      drivers/media/platform/exynos/fimc-is2/fimc-is-video-ssvc2.o
  CC      net/phonet/socket.o
  CC      net/netfilter/nf_conntrack_amanda.o
  CC      drivers/media/platform/exynos/fimc-is2/fimc-is-video-ssvc3.o
  CC      drivers/media/platform/exynos/fimc-is2/fimc-is-subdev-ctrl.o
  CC      net/sched/sch_mq.o
  CC      net/phonet/datagram.o
  CC      net/netfilter/nf_conntrack_ftp.o
  CC      drivers/media/platform/exynos/fimc-is2/fimc-is-device-ischain.o
  CC      net/sched/sch_api.o
  CC      net/phonet/sysctl.o
  CC      net/phonet/af_phonet.o
  CC      drivers/media/platform/exynos/fimc-is2/fimc-is-time.o
  CC      net/netfilter/nf_conntrack_h323_main.o
  CC      drivers/media/platform/exynos/fimc-is2/fimc-is-dvfs.o
  CC      drivers/media/platform/exynos/fimc-is2/fimc-is-dt.o
  CC      net/sched/sch_blackhole.o
  CC      net/phonet/pep.o
  CC      net/netfilter/nf_conntrack_h323_asn1.o
  CC      net/sched/cls_api.o
  CC      drivers/media/platform/exynos/fimc-is2/fimc-is-clk-gate.o
  CC      net/netfilter/nf_conntrack_irc.o
  CC      net/phonet/pep-gprs.o
  CC      drivers/media/platform/exynos/fimc-is2/fimc-is-binary.o
  CC      drivers/media/platform/exynos/fimc-is2/fimc-is-i2c-config.o
  AR      net/phonet/phonet.o
  AR      net/phonet/pn_pep.o
  AR      net/phonet/built-in.o
  CC      net/sched/act_api.o
  CC      net/strparser/strparser.o
  CC      drivers/media/platform/exynos/fimc-is2/fimc-is-interface-wrap.o
  CC      net/netfilter/nf_conntrack_broadcast.o
  CC      drivers/media/platform/exynos/fimc-is2/fimc-is-device-sensor_v2.o
  AR      net/strparser/built-in.o
  CC      net/netfilter/nf_conntrack_netbios_ns.o
  AR      drivers/media/radio/built-in.o
  CC      net/sched/act_police.o
  CC      net/sunrpc/clnt.o
  CC      drivers/media/platform/exynos/fimc-is2/hardware/fimc-is-hw-control.o
  CC      net/sched/act_gact.o
  CC      net/netfilter/nf_conntrack_pptp.o
  CC      drivers/media/platform/exynos/fimc-is2/hardware/fimc-is-hw-3aa.o
  CC      net/sched/act_mirred.o
  CC      net/sunrpc/xprt.o
  CC      drivers/media/platform/exynos/fimc-is2/hardware/fimc-is-hw-isp.o
  CC      net/sched/sch_fifo.o
  CC      net/netfilter/nf_conntrack_sane.o
  CC      drivers/media/platform/exynos/fimc-is2/hardware/fimc-is-hw-tpu.o
  CC      net/netfilter/nf_conntrack_tftp.o
  CC      drivers/media/platform/exynos/fimc-is2/hardware/fimc-is-hw-vra.o
  CC      net/sched/sch_htb.o
  CC      net/sunrpc/socklib.o
  CC      drivers/media/platform/exynos/fimc-is2/hardware/fimc-is-hw-dm.o
  CC      drivers/media/platform/exynos/fimc-is2/hardware/fimc-is-hw-mcscaler-v2.o
  CC      net/sched/sch_ingress.o
  CC      net/netfilter/nf_log_common.o
  CC      net/sunrpc/xprtsock.o
  CC      net/sched/sch_prio.o
  CC      drivers/media/platform/exynos/fimc-is2/hardware/fimc-is-hw-dcp.o
  CC      net/sched/sch_netem.o
  CC      net/netfilter/nf_nat_core.o
  CC      drivers/media/platform/exynos/fimc-is2/hardware/api/fimc-is-hw-api-common.o
  CC      net/sunrpc/sched.o
  CC      drivers/media/platform/exynos/fimc-is2/hardware/api/fimc-is-hw-api-vra.o
  CC      net/sched/cls_u32.o
  CC      drivers/media/platform/exynos/fimc-is2/hardware/api/fimc-is-hw-api-mcscaler-v4_0.o
  CC      net/netfilter/nf_nat_proto_unknown.o
  CC      net/sched/cls_basic.o
  CC      net/sunrpc/auth.o
  AR      drivers/media/platform/exynos/fimc-is2/hardware/api/built-in.o
  AR      drivers/media/platform/exynos/fimc-is2/hardware/built-in.o
  CC      drivers/media/platform/exynos/fimc-is2/interface/fimc-is-interface-ischain.o
  CC      net/sched/cls_bpf.o
  CC      net/netfilter/nf_nat_proto_common.o
  CC      drivers/media/platform/exynos/fimc-is2/interface/fimc-is-interface-library.o
  CC      net/sunrpc/auth_null.o
  CC      net/sched/ematch.o
  CC      drivers/media/platform/exynos/fimc-is2/interface/fimc-is-interface-vra.o
  CC      net/netfilter/nf_nat_proto_udp.o
  CC      net/sunrpc/auth_unix.o
  CC      drivers/media/platform/exynos/fimc-is2/interface/fimc-is-interface-ddk.o
  CC      net/sched/em_u32.o
  CC      net/netfilter/nf_nat_proto_tcp.o
  CC      net/sunrpc/auth_generic.o
  AR      net/sched/built-in.o
  AR      drivers/media/platform/exynos/fimc-is2/interface/built-in.o
  CC      net/netfilter/nf_nat_helper.o
  CC      drivers/media/platform/exynos/fimc-is2/ischain/setup-fimc-is-module.o
  CC      drivers/mfd/madera-core.o
  AR      drivers/media/platform/exynos/fimc-is2/ischain/fimc-is-v3_11_0/built-in.o
  AR      drivers/media/platform/exynos/fimc-is2/ischain/fimc-is-v3_1_1/built-in.o
  AR      drivers/media/platform/exynos/fimc-is2/ischain/fimc-is-v3_20_0/built-in.o
  AR      drivers/media/platform/exynos/fimc-is2/ischain/fimc-is-v4_0_0/built-in.o
  CC      net/sunrpc/svc.o
  AR      drivers/media/platform/exynos/fimc-is2/ischain/fimc-is-v4_3_0/built-in.o
  AR      drivers/media/platform/exynos/fimc-is2/ischain/fimc-is-v5_10_0/built-in.o
  AR      drivers/media/platform/exynos/fimc-is2/ischain/fimc-is-v5_15_0/built-in.o
  AR      drivers/media/platform/exynos/fimc-is2/ischain/fimc-is-v5_2_0/built-in.o
  CC      drivers/mfd/cs47l92-tables.o
  CC      drivers/media/platform/exynos/fimc-is2/ischain/fimc-is-v6_0_0/setup-fimc-is.o
  CC      net/netfilter/nf_nat_redirect.o
  CC      drivers/media/platform/exynos/fimc-is2/ischain/fimc-is-v6_0_0/setup-fimc-is-sensor.o
  CC      drivers/media/platform/exynos/fimc-is2/ischain/fimc-is-v6_0_0/fimc-is-hw-pwr.o
  CC      drivers/mfd/madera-spi.o
  CC      net/sunrpc/svcsock.o
  CC      drivers/media/platform/exynos/fimc-is2/ischain/fimc-is-v6_0_0/fimc-is-hw-chain.o
  CC      drivers/mfd/mfd-core.o
  CC      net/netfilter/nf_nat_proto_dccp.o
  CC      drivers/media/platform/exynos/fimc-is2/ischain/fimc-is-v6_0_0/fimc-is-hw-virtual-otf.o
  CC      drivers/mfd/max77705.o
  CC      drivers/media/platform/exynos/fimc-is2/ischain/fimc-is-v6_0_0/fimc-is-hw-dvfs.o
  CC      net/netfilter/nf_nat_proto_udplite.o
  CC      drivers/media/platform/exynos/fimc-is2/ischain/fimc-is-v6_0_0/fimc-is-subdev-3aa.o
  CC      net/sunrpc/svcauth.o
  CC      net/netfilter/nf_nat_proto_sctp.o
  CC      drivers/media/platform/exynos/fimc-is2/ischain/fimc-is-v6_0_0/fimc-is-subdev-3ac.o
  CC      drivers/mfd/max77705-irq.o
  CC      net/sunrpc/svcauth_unix.o
  CC      drivers/mfd/sec-core.o
  CC      drivers/media/platform/exynos/fimc-is2/ischain/fimc-is-v6_0_0/fimc-is-subdev-3ap.o
  CC      net/netfilter/nf_nat_amanda.o
  CC      drivers/mfd/sec-irq.o
  CC      drivers/media/platform/exynos/fimc-is2/ischain/fimc-is-v6_0_0/fimc-is-subdev-isp.o
  CC      drivers/mfd/s2mps18_core.o
  CC      net/netfilter/nf_nat_ftp.o
  CC      net/sunrpc/addr.o
  CC      drivers/media/platform/exynos/fimc-is2/ischain/fimc-is-v6_0_0/fimc-is-subdev-ixc.o
  CC      drivers/media/platform/exynos/fimc-is2/ischain/fimc-is-v6_0_0/fimc-is-subdev-ixp.o
  CC      net/netfilter/nf_nat_irc.o
  CC      drivers/mfd/s2mps18_irq.o
  CC      drivers/mfd/s2mpb02-core.o
  CC      drivers/media/platform/exynos/fimc-is2/ischain/fimc-is-v6_0_0/fimc-is-subdev-dcp.o
  CC      net/sunrpc/rpcb_clnt.o
  CC      net/netfilter/nf_nat_tftp.o
  CC      drivers/media/platform/exynos/fimc-is2/ischain/fimc-is-v6_0_0/fimc-is-subdev-dcxs.o
  CC      drivers/mfd/s2mpb02-irq.o
  CC      drivers/media/platform/exynos/fimc-is2/ischain/fimc-is-v6_0_0/fimc-is-subdev-dcxc.o
  CC      net/netfilter/x_tables.o
  CC      drivers/mfd/syscon.o
  CC      drivers/media/platform/exynos/fimc-is2/ischain/fimc-is-v6_0_0/fimc-is-subdev-mcs.o
  CC      net/sunrpc/timer.o
  AR      drivers/mfd/built-in.o
  AR      drivers/media/platform/omap/built-in.o
  CC      drivers/media/platform/exynos/mfc/s5p_mfc.o
  CC      drivers/media/platform/exynos/fimc-is2/ischain/fimc-is-v6_0_0/fimc-is-subdev-mcsp.o
  CC      drivers/media/platform/exynos/fimc-is2/ischain/fimc-is-v6_0_0/fimc-is-subdev-vra.o
  CC      net/netfilter/xt_tcpudp.o
  CC      net/sunrpc/xdr.o
  CC      drivers/media/platform/exynos/mfc/s5p_mfc_irq.o
  CC      drivers/media/platform/exynos/fimc-is2/ischain/fimc-is-v6_0_0/fimc-is-subdev-sensor.o
  CC      net/netfilter/xt_mark.o
  CC      drivers/media/platform/exynos/mfc/s5p_mfc_dec.o
  CC      drivers/media/platform/exynos/fimc-is2/ischain/fimc-is-v6_0_0/fimc-is-subdev-sensor_vc0.o
  CC      net/sunrpc/sunrpc_syms.o
  CC      net/netfilter/xt_connmark.o
  CC      drivers/media/platform/exynos/fimc-is2/ischain/fimc-is-v6_0_0/fimc-is-subdev-sensor_vc1.o
  CC      drivers/media/platform/exynos/mfc/s5p_mfc_dec_vb2_ops.o
  CC      drivers/media/platform/exynos/fimc-is2/ischain/fimc-is-v6_0_0/fimc-is-subdev-sensor_vc2.o
  CC      net/netfilter/xt_nat.o
  CC      drivers/media/platform/exynos/mfc/s5p_mfc_enc.o
  CC      net/sunrpc/cache.o
  CC      drivers/media/platform/exynos/fimc-is2/ischain/fimc-is-v6_0_0/fimc-is-subdev-sensor_vc3.o
  CC      net/netfilter/xt_CLASSIFY.o
  CC      drivers/media/platform/exynos/mfc/s5p_mfc_enc_vb2_ops.o
  CC      net/sunrpc/rpc_pipe.o
  CC      net/netfilter/xt_CONNSECMARK.o
  AR      drivers/media/platform/exynos/fimc-is2/ischain/fimc-is-v6_0_0/built-in.o
  AR      drivers/media/platform/exynos/fimc-is2/ischain/built-in.o
  CC      drivers/media/platform/exynos/fimc-is2/sensor/fimc-is-helper-i2c.o
  CC      drivers/media/platform/exynos/mfc/s5p_mfc_ctrl.o
  CC      drivers/media/platform/exynos/fimc-is2/sensor/csi2/fimc-is-hw-csi-v5_1.o
  CC      net/netfilter/xt_CT.o
  CC      drivers/media/platform/exynos/mfc/s5p_mfc_hwlock.o
  AR      drivers/media/platform/exynos/fimc-is2/sensor/csi2/built-in.o
  CC      drivers/media/platform/exynos/fimc-is2/sensor/module_framework/fimc-is-interface-sensor.o
  CC      net/sunrpc/svc_xprt.o
  CC      drivers/media/platform/exynos/mfc/s5p_mfc_nal_q.o
  CC      net/netfilter/xt_LOG.o
  CC      drivers/media/platform/exynos/fimc-is2/sensor/module_framework/fimc-is-interface-actuator.o
  CC      drivers/media/platform/exynos/mfc/s5p_mfc_watchdog.o
  CC      net/netfilter/xt_NETMAP.o
  CC      drivers/media/platform/exynos/fimc-is2/sensor/module_framework/fimc-is-control-sensor.o
  CC      net/sunrpc/xprtmultipath.o
  CC      net/netfilter/xt_NFLOG.o
  CC      drivers/media/platform/exynos/mfc/s5p_mfc_opr.o
  CC      drivers/media/platform/exynos/fimc-is2/sensor/module_framework/fimc-is-control-actuator.o
  CC      drivers/media/platform/exynos/mfc/s5p_mfc_sync.o
  CC      net/netfilter/xt_NFQUEUE.o
  CC      drivers/media/platform/exynos/fimc-is2/sensor/module_framework/fimc-is-device-sensor-peri.o
  CC      net/sunrpc/backchannel_rqst.o
  CC      drivers/media/platform/exynos/mfc/s5p_mfc_pm.o
  CC      net/netfilter/xt_REDIRECT.o
  AR      drivers/media/platform/exynos/fimc-is2/sensor/module_framework/built-in.o
  CC      drivers/media/platform/exynos/fimc-is2/sensor/module_framework/actuator/fimc-is-helper-actuator-i2c.o
  CC      drivers/media/platform/exynos/mfc/s5p_mfc_inst.o
  CC      drivers/media/platform/exynos/fimc-is2/sensor/module_framework/actuator/fimc-is-actuator-ak737x.o
  CC      net/netfilter/xt_SECMARK.o
  CC      net/sunrpc/stats.o
  CC      drivers/media/platform/exynos/mfc/s5p_mfc_cmd.o
  AR      drivers/media/platform/exynos/fimc-is2/sensor/module_framework/actuator/built-in.o
  CC      drivers/media/platform/exynos/fimc-is2/sensor/module_framework/aperture/fimc-is-aperture-ak7372.o
  CC      drivers/media/platform/exynos/mfc/s5p_mfc_cal.o
  CC      net/netfilter/xt_TPROXY.o
  AR      drivers/media/platform/exynos/fimc-is2/sensor/module_framework/aperture/built-in.o
  CC      drivers/media/platform/exynos/mfc/s5p_mfc_reg.o
  CC      drivers/media/platform/exynos/fimc-is2/sensor/module_framework/cis/fimc-is-cis.o
  CC      net/sunrpc/sysctl.o
  CC      net/netfilter/xt_TCPMSS.o
  CC      drivers/media/platform/exynos/mfc/s5p_mfc_dec_ops.o
  CC      drivers/media/platform/exynos/fimc-is2/sensor/module_framework/cis/fimc-is-cis-3h1.o
  CC      drivers/media/platform/exynos/mfc/s5p_mfc_enc_ops.o
  CC      net/sunrpc/auth_gss/auth_gss.o
  CC      net/netfilter/xt_TRACE.o
  CC      drivers/media/platform/exynos/fimc-is2/sensor/module_framework/cis/fimc-is-cis-2l3.o
  CC      net/netfilter/xt_IDLETIMER.o
  CC      drivers/media/platform/exynos/mfc/s5p_mfc_enc_param.o
  CC      net/sunrpc/auth_gss/gss_generic_token.o
  CC      drivers/media/platform/exynos/mfc/s5p_mfc_queue.o
  AR      drivers/media/platform/exynos/fimc-is2/sensor/module_framework/cis/built-in.o
  CC      net/netfilter/xt_bpf.o
  CC      drivers/media/platform/exynos/fimc-is2/sensor/module_framework/flash/fimc-is-flash-s2mpb02.o
  CC      net/sunrpc/auth_gss/gss_mech_switch.o
  CC      drivers/media/platform/exynos/mfc/s5p_mfc_buf.o
  AR      drivers/media/platform/exynos/fimc-is2/sensor/module_framework/flash/built-in.o
  CC      net/netfilter/xt_comment.o
  CC      drivers/media/platform/exynos/fimc-is2/sensor/module_framework/modules/fimc-is-device-module-base.o
  CC      drivers/media/platform/exynos/mfc/s5p_mfc_utils.o
  CC      net/netfilter/xt_connbytes.o
  CC      drivers/media/platform/exynos/fimc-is2/sensor/module_framework/modules/fimc-is-device-module-3h1.o
  CC      net/sunrpc/auth_gss/svcauth_gss.o
  CC      drivers/media/platform/exynos/mfc/s5p_mfc_qos.o
  CC      net/netfilter/xt_connlabel.o
  CC      drivers/media/platform/exynos/fimc-is2/sensor/module_framework/modules/fimc-is-device-module-2l3.o
  CC      drivers/media/platform/exynos/mfc/s5p_mfc_mem.o
  CC      drivers/media/platform/exynos/fimc-is2/sensor/module_framework/modules/fimc-is-device-module-5f1.o
  CC      net/netfilter/xt_connlimit.o
  CC      drivers/media/platform/exynos/mfc/s5p_mfc_debugfs.o
  CC      net/sunrpc/auth_gss/gss_rpc_upcall.o
  CC      drivers/media/platform/exynos/mfc/s5p_mfc_otf.o
  AR      drivers/media/platform/exynos/fimc-is2/sensor/module_framework/modules/built-in.o
  CC      drivers/media/platform/exynos/fimc-is2/sensor/module_framework/pdp/fimc-is-pdp.o
  CC      net/netfilter/xt_conntrack.o
  AR      drivers/media/platform/exynos/mfc/s5p-mfc.o
  CC      net/sunrpc/auth_gss/gss_rpc_xdr.o
  AR      drivers/media/platform/exynos/mfc/built-in.o
  CC      net/sunrpc/auth_gss/gss_krb5_mech.o
  CC      drivers/media/platform/exynos/fimc-is2/sensor/module_framework/pdp/fimc-is-hw-pdp-v1_0.o
  CC      net/netfilter/xt_ecn.o
  CC      net/unix/af_unix.o
  AR      drivers/media/platform/exynos/fimc-is2/sensor/module_framework/pdp/built-in.o
  AR      drivers/media/platform/exynos/fimc-is2/sensor/built-in.o
  CC      drivers/media/platform/exynos/fimc-is2/vendor/mcd/fimc-is-vender.o
  CC      net/sunrpc/auth_gss/gss_krb5_seal.o
  CC      net/sunrpc/auth_gss/gss_krb5_unseal.o
  CC      net/netfilter/xt_hashlimit.o
  CC      drivers/media/platform/exynos/fimc-is2/vendor/mcd/fimc-is-sec-define.o
  CC      net/sunrpc/auth_gss/gss_krb5_seqnum.o
  CC      net/sunrpc/auth_gss/gss_krb5_wrap.o
  CC      net/netfilter/xt_helper.o
  CC      net/unix/garbage.o
  CC      drivers/media/platform/exynos/fimc-is2/vendor/mcd/crc32.o
  CC      drivers/media/platform/exynos/fimc-is2/vendor/mcd/fimc-is-sysfs.o
  CC      net/sunrpc/auth_gss/gss_krb5_crypto.o
  CC      net/netfilter/xt_hl.o
  CC      net/unix/sysctl_net_unix.o
  CC      net/sunrpc/auth_gss/gss_krb5_keys.o
  CC      drivers/media/platform/exynos/fimc-is2/vendor/mcd/fimc-is-device-from.o
  AR      net/sunrpc/auth_gss/auth_rpcgss.o
  CC      net/unix/scm.o
  AR      net/sunrpc/auth_gss/rpcsec_gss_krb5.o
  CC      net/netfilter/xt_iprange.o
  AR      net/sunrpc/auth_gss/built-in.o
  AR      net/sunrpc/sunrpc.o
  CC      drivers/media/platform/exynos/fimc-is2/vendor/mcd/fimc-is-device-ois_common.o
  AR      net/sunrpc/built-in.o
  CC      net/vmw_vsock/af_vsock.o
/home/runner/work/Void-Kernal-/Void-Kernal-/kernel/drivers/media/platform/exynos/fimc-is2/vendor/mcd/fimc-is-device-ois_common.c:451:14: error: use of undeclared identifier 'FW_GYRO_SENSOR'
        if (fw_ver1[FW_GYRO_SENSOR] != fw_ver2[FW_GYRO_SENSOR]
                    ^
/home/runner/work/Void-Kernal-/Void-Kernal-/kernel/drivers/media/platform/exynos/fimc-is2/vendor/mcd/fimc-is-device-ois_common.c:451:41: error: use of undeclared identifier 'FW_GYRO_SENSOR'
        if (fw_ver1[FW_GYRO_SENSOR] != fw_ver2[FW_GYRO_SENSOR]
                                               ^
/home/runner/work/Void-Kernal-/Void-Kernal-/kernel/drivers/media/platform/exynos/fimc-is2/vendor/mcd/fimc-is-device-ois_common.c:452:14: error: use of undeclared identifier 'FW_DRIVER_IC'
                || fw_ver1[FW_DRIVER_IC] != fw_ver2[FW_DRIVER_IC]
                           ^
/home/runner/work/Void-Kernal-/Void-Kernal-/kernel/drivers/media/platform/exynos/fimc-is2/vendor/mcd/fimc-is-device-ois_common.c:452:39: error: use of undeclared identifier 'FW_DRIVER_IC'
                || fw_ver1[FW_DRIVER_IC] != fw_ver2[FW_DRIVER_IC]
                                                    ^
/home/runner/work/Void-Kernal-/Void-Kernal-/kernel/drivers/media/platform/exynos/fimc-is2/vendor/mcd/fimc-is-device-ois_common.c:453:14: error: use of undeclared identifier 'FW_CORE_VERSION'; did you mean 'FW_MODE_VERSION'?
                || fw_ver1[FW_CORE_VERSION] != fw_ver2[FW_CORE_VERSION]) {
                           ^~~~~~~~~~~~~~~
                           FW_MODE_VERSION
/home/runner/work/Void-Kernal-/Void-Kernal-/kernel/include/uapi/linux/videodev2_exynos_camera.h:117:2: note: 'FW_MODE_VERSION' declared here
        FW_MODE_VERSION,
        ^
/home/runner/work/Void-Kernal-/Void-Kernal-/kernel/drivers/media/platform/exynos/fimc-is2/vendor/mcd/fimc-is-device-ois_common.c:453:42: error: use of undeclared identifier 'FW_CORE_VERSION'; did you mean 'FW_MODE_VERSION'?
                || fw_ver1[FW_CORE_VERSION] != fw_ver2[FW_CORE_VERSION]) {
                                                       ^~~~~~~~~~~~~~~
                                                       FW_MODE_VERSION
/home/runner/work/Void-Kernal-/Void-Kernal-/kernel/include/uapi/linux/videodev2_exynos_camera.h:117:2: note: 'FW_MODE_VERSION' declared here
        FW_MODE_VERSION,
        ^
/home/runner/work/Void-Kernal-/Void-Kernal-/kernel/drivers/media/platform/exynos/fimc-is2/vendor/mcd/fimc-is-device-ois_common.c:457:14: error: use of undeclared identifier 'FW_GYRO_SENSOR'
        if (fw_ver2[FW_GYRO_SENSOR] != fw_ver3[FW_GYRO_SENSOR]
                    ^
/home/runner/work/Void-Kernal-/Void-Kernal-/kernel/drivers/media/platform/exynos/fimc-is2/vendor/mcd/fimc-is-device-ois_common.c:457:41: error: use of undeclared identifier 'FW_GYRO_SENSOR'
        if (fw_ver2[FW_GYRO_SENSOR] != fw_ver3[FW_GYRO_SENSOR]
                                               ^
/home/runner/work/Void-Kernal-/Void-Kernal-/kernel/drivers/media/platform/exynos/fimc-is2/vendor/mcd/fimc-is-device-ois_common.c:458:14: error: use of undeclared identifier 'FW_DRIVER_IC'
                || fw_ver2[FW_DRIVER_IC] != fw_ver3[FW_DRIVER_IC]
                           ^
/home/runner/work/Void-Kernal-/Void-Kernal-/kernel/drivers/media/platform/exynos/fimc-is2/vendor/mcd/fimc-is-device-ois_common.c:458:39: error: use of undeclared identifier 'FW_DRIVER_IC'
                || fw_ver2[FW_DRIVER_IC] != fw_ver3[FW_DRIVER_IC]
                                                    ^
  CC      net/netfilter/xt_l2tp.o
/home/runner/work/Void-Kernal-/Void-Kernal-/kernel/drivers/media/platform/exynos/fimc-is2/vendor/mcd/fimc-is-device-ois_common.c:459:14: error: use of undeclared identifier 'FW_CORE_VERSION'; did you mean 'FW_MODE_VERSION'?
                || fw_ver2[FW_CORE_VERSION] != fw_ver3[FW_CORE_VERSION]) {
                           ^~~~~~~~~~~~~~~
                           FW_MODE_VERSION
/home/runner/work/Void-Kernal-/Void-Kernal-/kernel/include/uapi/linux/videodev2_exynos_camera.h:117:2: note: 'FW_MODE_VERSION' declared here
        FW_MODE_VERSION,
        ^
/home/runner/work/Void-Kernal-/Void-Kernal-/kernel/drivers/media/platform/exynos/fimc-is2/vendor/mcd/fimc-is-device-ois_common.c:459:42: error: use of undeclared identifier 'FW_CORE_VERSION'; did you mean 'FW_MODE_VERSION'?
                || fw_ver2[FW_CORE_VERSION] != fw_ver3[FW_CORE_VERSION]) {
                                                       ^~~~~~~~~~~~~~~
                                                       FW_MODE_VERSION
/home/runner/work/Void-Kernal-/Void-Kernal-/kernel/include/uapi/linux/videodev2_exynos_camera.h:117:2: note: 'FW_MODE_VERSION' declared here
        FW_MODE_VERSION,
        ^
/home/runner/work/Void-Kernal-/Void-Kernal-/kernel/drivers/media/platform/exynos/fimc-is2/vendor/mcd/fimc-is-device-ois_common.c:468:14: error: use of undeclared identifier 'FW_GYRO_SENSOR'
        if (fw_ver1[FW_GYRO_SENSOR] != fw_ver2[FW_GYRO_SENSOR]
                    ^
/home/runner/work/Void-Kernal-/Void-Kernal-/kernel/drivers/media/platform/exynos/fimc-is2/vendor/mcd/fimc-is-device-ois_common.c:468:41: error: use of undeclared identifier 'FW_GYRO_SENSOR'
        if (fw_ver1[FW_GYRO_SENSOR] != fw_ver2[FW_GYRO_SENSOR]
                                               ^
/home/runner/work/Void-Kernal-/Void-Kernal-/kernel/drivers/media/platform/exynos/fimc-is2/vendor/mcd/fimc-is-device-ois_common.c:469:14: error: use of undeclared identifier 'FW_DRIVER_IC'
                || fw_ver1[FW_DRIVER_IC] != fw_ver2[FW_DRIVER_IC]
                           ^
/home/runner/work/Void-Kernal-/Void-Kernal-/kernel/drivers/media/platform/exynos/fimc-is2/vendor/mcd/fimc-is-device-ois_common.c:469:39: error: use of undeclared identifier 'FW_DRIVER_IC'
                || fw_ver1[FW_DRIVER_IC] != fw_ver2[FW_DRIVER_IC]
                                                    ^
/home/runner/work/Void-Kernal-/Void-Kernal-/kernel/drivers/media/platform/exynos/fimc-is2/vendor/mcd/fimc-is-device-ois_common.c:470:14: error: use of undeclared identifier 'FW_CORE_VERSION'; did you mean 'FW_MODE_VERSION'?
                || fw_ver1[FW_CORE_VERSION] != fw_ver2[FW_CORE_VERSION]) {
                           ^~~~~~~~~~~~~~~
                           FW_MODE_VERSION
/home/runner/work/Void-Kernal-/Void-Kernal-/kernel/include/uapi/linux/videodev2_exynos_camera.h:117:2: note: 'FW_MODE_VERSION' declared here
        FW_MODE_VERSION,
        ^
/home/runner/work/Void-Kernal-/Void-Kernal-/kernel/drivers/media/platform/exynos/fimc-is2/vendor/mcd/fimc-is-device-ois_common.c:470:42: error: use of undeclared identifier 'FW_CORE_VERSION'; did you mean 'FW_MODE_VERSION'?
                || fw_ver1[FW_CORE_VERSION] != fw_ver2[FW_CORE_VERSION]) {
                                                       ^~~~~~~~~~~~~~~
                                                       FW_MODE_VERSION
/home/runner/work/Void-Kernal-/Void-Kernal-/kernel/include/uapi/linux/videodev2_exynos_camera.h:117:2: note: 'FW_MODE_VERSION' declared here
        FW_MODE_VERSION,
        ^
/home/runner/work/Void-Kernal-/Void-Kernal-/kernel/drivers/media/platform/exynos/fimc-is2/vendor/mcd/fimc-is-device-ois_common.c:532:24: error: use of undeclared identifier 'OIS_BIN_LEN'
        memcpy(check_8, buf + OIS_BIN_LEN, 4);
                              ^
fatal error: too many errors emitted, stopping now [-ferror-limit=]
20 errors generated.
make[8]: *** [/home/runner/work/Void-Kernal-/Void-Kernal-/kernel/scripts/Makefile.build:337: drivers/media/platform/exynos/fimc-is2/vendor/mcd/fimc-is-device-ois_common.o] Error 1
make[7]: *** [/home/runner/work/Void-Kernal-/Void-Kernal-/kernel/scripts/Makefile.build:650: drivers/media/platform/exynos/fimc-is2/vendor/mcd] Error 2
make[6]: *** [/home/runner/work/Void-Kernal-/Void-Kernal-/kernel/scripts/Makefile.build:650: drivers/media/platform/exynos/fimc-is2/vendor] Error 2
make[5]: *** [/home/runner/work/Void-Kernal-/Void-Kernal-/kernel/scripts/Makefile.build:650: drivers/media/platform/exynos/fimc-is2] Error 2
make[4]: *** [/home/runner/work/Void-Kernal-/Void-Kernal-/kernel/scripts/Makefile.build:650: drivers/media/platform/exynos] Error 2
make[3]: *** [/home/runner/work/Void-Kernal-/Void-Kernal-/kernel/scripts/Makefile.build:650: drivers/media/platform] Error 2
make[2]: *** [/home/runner/work/Void-Kernal-/Void-Kernal-/kernel/scripts/Makefile.build:650: drivers/media] Error 2
make[1]: *** [/home/runner/work/Void-Kernal-/Void-Kernal-/kernel/Makefile:1258: drivers] Error 2
make[1]: *** Waiting for unfinished jobs....
  CC      net/wireguard/main.o
  AR      net/unix/unix.o
  AR      net/unix/built-in.o
  CC      net/netfilter/xt_length.o
  CC      net/vmw_vsock/vsock_addr.o
  CC      net/wireguard/noise.o
  CC      net/netfilter/xt_limit.o
  CC      net/wireless/core.o
  CC      net/netfilter/xt_mac.o
  CC      net/wireguard/device.o
  AR      net/vmw_vsock/vsock.o
  AR      net/vmw_vsock/built-in.o
  CC      net/wireguard/peer.o
  CC      net/netfilter/xt_owner.o
  CC      net/wireless/sysfs.o
  CC      net/wireguard/timers.o
  CC      net/xfrm/xfrm_policy.o
  CC      net/netfilter/xt_pkttype.o
  CC      net/wireless/radiotap.o
  CC      net/wireguard/queueing.o
  CC      net/netfilter/xt_policy.o
  CC      net/netfilter/xt_quota.o
  CC      net/wireguard/send.o
  CC      net/wireless/util.o
  CC      net/netfilter/xt_quota2.o
  CC      net/xfrm/xfrm_state.o
  CC      net/wireguard/receive.o
  CC      net/netfilter/xt_sctp.o
  CC      net/wireless/reg.o
  CC      net/wireguard/socket.o
  CC      net/netfilter/xt_socket.o
  CC      net/xfrm/xfrm_hash.o
  CC      net/wireguard/peerlookup.o
  CC      net/xfrm/xfrm_input.o
  CC      net/netfilter/xt_state.o
  CC      net/wireless/scan.o
  CC      net/wireguard/allowedips.o
  CC      net/netfilter/xt_statistic.o
  CC      net/wireguard/ratelimiter.o
  CC      net/xfrm/xfrm_output.o
  CC      net/netfilter/xt_string.o
  CC      net/wireless/nl80211.o
  CC      net/wireguard/cookie.o
  CC      net/netfilter/xt_time.o
  CC      net/xfrm/xfrm_sysctl.o
  CC      net/netfilter/xt_u32.o
  CC      net/wireguard/netlink.o
  CC      net/netfilter/xt_domainfilter.o
  CC      net/xfrm/xfrm_replay.o
  CC      net/wireguard/crypto/zinc/chacha20/chacha20.o
  CC      net/netfilter/xt_PRIO.o
  CC      net/xfrm/xfrm_proc.o
  PERLASM net/wireguard/crypto/zinc/chacha20/chacha20-arm64.S
  CC      net/netfilter/nf_history.o
  CC      net/wireguard/crypto/zinc/poly1305/poly1305.o
  AR      net/netfilter/netfilter.o
  AR      net/netfilter/nf_conntrack.o
  AR      net/netfilter/nf_conntrack_h323.o
  AR      net/netfilter/nf_nat.o
  CC      net/xfrm/xfrm_algo.o
  AR      net/netfilter/built-in.o
  CC      net/compat.o
  PERLASM net/wireguard/crypto/zinc/poly1305/poly1305-arm64.S
  CC      net/wireguard/crypto/zinc/chacha20poly1305.o
  CC      net/wireless/mlme.o
  CC      net/wireguard/crypto/zinc/blake2s/blake2s.o
  CC      net/xfrm/xfrm_user.o
  CC      net/wireless/ibss.o
  CC      net/xfrm/xfrm_ipcomp.o
  CC      net/wireguard/crypto/zinc/curve25519/curve25519.o
  CC      net/wireless/sme.o
  CC      net/wireless/chan.o
  CC      net/xfrm/xfrm_interface.o
  AR      net/xfrm/built-in.o
  CC      net/sysctl_net.o
  CC      net/wireless/ethtool.o
  CC      net/wireless/mesh.o
  CC      net/wireless/ap.o
  CC      net/wireless/trace.o
  CC      net/wireless/ocb.o
net/wireless/.tmp_trace.o: no symbols
  AR      net/wireless/cfg80211.o
  AR      net/wireless/built-in.o
  AS      net/wireguard/crypto/zinc/chacha20/chacha20-arm64.o
  AS      net/wireguard/crypto/zinc/poly1305/poly1305-arm64.o
  AR      net/wireguard/wireguard.o
  AR      net/wireguard/built-in.o
  AR      net/built-in.o
make[1]: Leaving directory '/home/runner/work/Void-Kernal-/Void-Kernal-/out'
make: *** [Makefile:152: sub-make] Error 2
make: Leaving directory '/home/runner/work/Void-Kernal-/Void-Kernal-/kernel'
